PolicyID,CustomerID,Product,PremiumAmount,StartDate,EndDate
P000001,C00001,Life,8570.58,2025-09-28,2026-12-31
P000002,C00001,Health,9387.1,2025-09-01,2026-12-31
P000003,C00001,Auto,9321.99,2025-09-13,2026-12-31
P000004,C00002,Home,3093.02,2023-07-06,2026-07-01
P000005,C00002,Health,9175.71,2024-03-09,2026-09-23
P000006,C00002,Auto,9095.28,2023-10-10,2025-08-29
P000007,C00003,Travel,1590.57,2024-09-14,2025-08-11
P000008,C00003,Life,2518.25,2025-11-18,2026-09-06
P000009,C00004,Auto,8633.26,2021-08-16,2023-12-30
P000010,C00005,Home,3481.84,2025-09-24,2026-12-31
P000011,C00005,Health,7432.26,2025-04-05,2026-02-07
P000012,C00006,Health,8313.7,2024-12-27,2026-12-31
P000013,C00006,Home,3235.48,2024-09-26,2026-07-18
P000014,C00006,Home,7471.89,2025-03-19,2026-05-22
P000015,C00007,Auto,5693.61,2025-07-17,2026-12-31
P000016,C00008,Home,6023.46,2025-05-07,2026-11-01
P000017,C00010,Life,4403.14,2024-09-16,2026-12-31
P000018,C00010,Health,1285.97,2024-09-09,2025-09-03
P000019,C00010,Travel,1438.0,2023-10-19,2024-10-24
P000020,C00011,Life,9815.4,2025-02-14,2025-10-07
P000021,C00012,Auto,7519.23,2021-04-27,2023-05-17
P000022,C00013,Home,8794.53,2025-10-09,2026-07-23
P000023,C00013,Travel,8278.03,2025-11-06,2026-12-31
P000024,C00013,Auto,4596.72,2025-12-17,2026-12-31
P000025,C00017,Travel,6332.72,2024-06-15,2026-06-16
P000026,C00019,Travel,7579.21,2025-03-27,2026-11-22
P000027,C00019,Travel,8042.33,2023-10-16,2025-12-14
P000028,C00019,Health,5794.45,2023-12-26,2026-08-16
P000029,C00020,Travel,8488.63,2025-02-25,2026-12-31
P000030,C00021,Travel,5976.49,2024-02-28,2024-11-05
P000031,C00021,Health,3119.7,2025-06-11,2026-09-02
P000032,C00022,Auto,6996.73,2022-06-09,2024-11-13
P000033,C00022,Travel,3462.12,2023-12-25,2024-07-17
P000034,C00022,Auto,9725.93,2023-02-19,2025-03-10
P000035,C00023,Travel,2627.83,2025-10-15,2026-12-31
P000036,C00024,Life,918.38,2025-07-13,2026-12-31
P000037,C00024,Life,2699.06,2025-09-10,2026-12-31
P000038,C00024,Home,8239.37,2025-09-06,2026-07-04
P000039,C00025,Life,9641.48,2024-08-20,2026-01-08
P000040,C00026,Auto,5608.94,2023-01-17,2023-12-03
P000041,C00026,Home,5785.12,2022-10-25,2024-07-28
P000042,C00026,Home,4482.24,2022-01-25,2025-01-20
P000043,C00027,Life,2992.26,2025-11-13,2026-12-31
P000044,C00029,Life,4106.36,2020-07-05,2023-05-26
P000045,C00031,Auto,909.0,2024-12-14,2026-01-27
P000046,C00031,Home,4717.09,2025-09-22,2026-12-31
P000047,C00031,Travel,576.56,2025-11-07,2026-12-31
P000048,C00032,Home,7797.22,2023-08-17,2025-10-24
P000049,C00032,Auto,2870.28,2024-06-01,2026-08-07
P000050,C00033,Auto,5943.9,2025-11-29,2026-12-31
P000051,C00033,Life,8370.64,2025-11-20,2026-12-31
P000052,C00034,Home,2722.02,2025-12-14,2026-12-31
P000053,C00034,Life,9494.18,2025-04-14,2026-11-30
P000054,C00034,Life,4816.83,2025-06-13,2026-12-31
P000055,C00035,Home,6765.31,2023-09-02,2025-01-09
P000056,C00035,Life,9416.03,2025-03-26,2026-01-12
P000057,C00036,Travel,3418.56,2021-11-17,2022-09-17
P000058,C00036,Health,2022.14,2023-04-28,2023-11-23
P000059,C00036,Health,8073.51,2022-03-13,2023-09-11
P000060,C00037,Health,997.72,2025-03-27,2026-08-02
P000061,C00037,Auto,1229.67,2025-04-18,2025-12-01
P000062,C00038,Travel,3393.72,2022-12-07,2024-07-13
P000063,C00038,Auto,9301.41,2023-08-28,2026-08-05
P000064,C00038,Life,874.22,2024-02-14,2024-10-04
P000065,C00040,Auto,9494.18,2025-04-16,2026-04-17
P000066,C00040,Auto,6089.35,2025-01-22,2026-11-23
P000067,C00041,Auto,1087.91,2024-11-11,2026-12-31
P000068,C00042,Home,4548.15,2023-07-03,2024-03-10
P000069,C00042,Travel,3516.77,2023-11-15,2024-05-29
P000070,C00042,Travel,1354.2,2022-02-25,2024-01-25
P000071,C00043,Travel,1293.49,2025-08-21,2026-05-03
P000072,C00043,Travel,8771.02,2025-07-28,2026-04-04
P000073,C00044,Home,7091.15,2024-06-05,2026-12-31
P000074,C00045,Travel,7721.53,2025-11-27,2026-06-15
P000075,C00045,Health,3047.66,2025-11-25,2026-12-31
P000076,C00045,Auto,1038.46,2025-12-01,2026-12-31
P000077,C00046,Auto,2337.64,2025-08-14,2026-12-31
P000078,C00046,Home,8917.82,2025-10-06,2026-11-10
P000079,C00047,Life,4407.39,2021-06-06,2023-12-15
P000080,C00048,Health,1840.52,2025-10-18,2026-12-31
P000081,C00048,Auto,930.3,2025-05-02,2025-12-17
P000082,C00049,Auto,831.92,2025-04-08,2026-12-31
P000083,C00049,Auto,4723.02,2025-12-10,2026-12-31
P000084,C00049,Life,2106.09,2024-08-23,2026-09-21
P000085,C00051,Life,9859.16,2025-05-09,2026-05-12
P000086,C00051,Home,4741.2,2025-08-18,2026-08-19
P000087,C00051,Travel,4581.42,2025-05-31,2026-12-31
P000088,C00053,Auto,5474.21,2024-11-30,2025-06-01
P000089,C00053,Health,5176.21,2024-03-12,2026-08-29
P000090,C00053,Home,7918.73,2024-01-21,2026-01-28
P000091,C00054,Home,1477.0,2025-09-02,2026-12-31
P000092,C00054,Auto,6901.47,2025-08-15,2026-12-03
P000093,C00054,Life,6926.6,2025-11-28,2026-06-07
P000094,C00055,Auto,5965.91,2024-02-20,2026-11-12
P000095,C00056,Health,674.67,2024-05-23,2026-12-31
P000096,C00056,Health,6440.64,2024-08-11,2025-12-01
P000097,C00057,Travel,6679.04,2024-06-24,2025-10-19
P000098,C00058,Auto,927.47,2022-12-19,2024-09-26
P000099,C00059,Auto,6144.35,2025-12-17,2026-11-21
P000100,C00061,Auto,1275.19,2024-08-24,2025-09-08
P000101,C00062,Home,7885.83,2025-10-30,2026-06-05
P000102,C00062,Life,6517.41,2025-09-06,2026-12-31
P000103,C00063,Home,6124.16,2024-04-22,2025-07-30
P000104,C00064,Travel,6208.66,2024-07-28,2026-12-31
P000105,C00065,Home,1931.53,2025-10-18,2026-12-31
P000106,C00065,Home,7404.97,2025-11-04,2026-12-31
P000107,C00066,Health,3424.92,2025-02-09,2026-07-29
P000108,C00066,Auto,6021.36,2025-07-05,2026-05-28
P000109,C00066,Life,1275.84,2023-11-05,2026-09-26
P000110,C00067,Life,6137.88,2025-09-27,2026-07-07
P000111,C00069,Travel,8454.0,2025-09-23,2026-12-31
P000112,C00069,Home,9280.42,2025-04-19,2026-12-31
P000113,C00070,Travel,1482.62,2025-12-11,2026-12-31
P000114,C00070,Life,3338.44,2025-10-10,2026-12-31
P000115,C00071,Life,3887.66,2025-09-25,2026-12-31
P000116,C00071,Travel,9597.5,2025-10-17,2026-10-21
P000117,C00071,Travel,1308.04,2025-11-13,2026-11-28
P000118,C00072,Home,2644.41,2021-07-03,2024-04-14
P000119,C00073,Life,8382.37,2021-09-12,2024-07-12
P000120,C00073,Auto,1125.21,2023-03-10,2023-10-29
P000121,C00073,Auto,5026.38,2022-12-06,2023-12-13
P000122,C00074,Travel,7099.21,2025-08-08,2026-12-31
P000123,C00075,Travel,5995.68,2024-01-26,2026-05-29
P000124,C00076,Home,4546.41,2025-04-07,2026-12-31
P000125,C00077,Life,2273.08,2025-12-03,2026-12-31
P000126,C00077,Home,4708.82,2025-10-18,2026-07-10
P000127,C00077,Life,2364.33,2025-11-26,2026-12-31
P000128,C00078,Auto,3331.72,2025-04-27,2026-12-31
P000129,C00078,Home,6693.06,2024-12-26,2025-11-07
P000130,C00079,Life,6558.85,2022-12-15,2024-01-05
P000131,C00079,Auto,5232.23,2022-06-27,2025-03-08
P000132,C00079,Health,6329.56,2022-02-04,2025-01-02
P000133,C00080,Life,1789.04,2025-12-13,2026-12-31
P000134,C00081,Travel,9967.37,2023-01-15,2024-04-05
P000135,C00081,Home,3906.91,2024-01-18,2026-12-02
P000136,C00081,Travel,3499.84,2024-09-05,2025-04-18
P000137,C00082,Health,9682.2,2025-12-18,2026-12-31
P000138,C00083,Auto,4416.66,2025-01-07,2025-07-12
P000139,C00083,Travel,1644.25,2025-01-12,2026-02-10
P000140,C00083,Health,4089.47,2023-12-25,2025-06-23
P000141,C00084,Home,2077.5,2022-05-06,2025-03-15
P000142,C00084,Health,1510.2,2021-02-15,2022-07-27
P000143,C00085,Travel,1593.89,2022-01-20,2022-10-19
P000144,C00085,Auto,6332.8,2023-08-23,2025-02-10
P000145,C00086,Auto,1083.74,2024-01-08,2025-03-06
P000146,C00087,Health,9568.38,2025-11-18,2026-12-31
P000147,C00088,Travel,1556.48,2022-10-21,2024-07-02
P000148,C00089,Home,4221.55,2021-12-26,2023-11-18
P000149,C00089,Home,2483.89,2021-06-17,2024-06-13
P000150,C00089,Auto,8783.17,2021-02-23,2023-01-16
P000151,C00090,Auto,5534.72,2023-12-15,2025-03-30
P000152,C00090,Health,4264.97,2025-03-27,2026-12-31
P000153,C00090,Life,1938.73,2024-05-13,2026-04-20
P000154,C00091,Health,5474.8,2025-06-04,2026-12-31
P000155,C00091,Health,8370.17,2025-05-18,2025-12-22
P000156,C00091,Auto,6485.88,2025-03-03,2026-03-20
P000157,C00092,Travel,2354.37,2021-06-04,2022-02-28
P000158,C00092,Auto,9883.62,2022-05-19,2023-12-02
P000159,C00093,Home,882.71,2022-03-08,2024-04-07
P000160,C00093,Auto,6016.13,2022-11-13,2023-08-20
P000161,C00094,Auto,8191.91,2025-04-14,2025-11-12
P000162,C00095,Health,8801.81,2024-08-17,2026-04-11
P000163,C00095,Health,5885.48,2022-10-24,2024-10-13
P000164,C00096,Travel,1606.36,2021-06-16,2023-11-04
P000165,C00097,Auto,4140.55,2025-02-23,2026-12-31
P000166,C00097,Life,2370.43,2024-05-11,2025-11-05
P000167,C00098,Home,3854.48,2025-10-14,2026-12-31
P000168,C00098,Auto,8346.36,2025-10-04,2026-04-23
P000169,C00098,Health,638.39,2025-07-30,2026-02-19
P000170,C00099,Home,4443.69,2025-11-28,2026-12-31
P000171,C00099,Health,699.7,2024-07-01,2026-03-05
P000172,C00099,Travel,7755.08,2025-09-13,2026-12-31
P000173,C00101,Travel,617.24,2024-09-30,2026-12-31
P000174,C00101,Home,2819.54,2023-09-06,2026-04-20
P000175,C00102,Travel,9547.95,2025-02-13,2026-12-31
P000176,C00102,Auto,1880.6,2025-11-12,2026-12-31
P000177,C00102,Life,1175.98,2025-07-12,2026-12-31
P000178,C00104,Home,2951.99,2025-07-18,2026-01-22
P000179,C00105,Auto,2260.13,2025-04-30,2025-11-10
P000180,C00106,Auto,9486.72,2025-02-23,2025-08-22
P000181,C00107,Health,9400.81,2021-11-29,2023-05-31
P000182,C00107,Auto,7689.2,2023-07-03,2025-11-28
P000183,C00109,Travel,9515.32,2022-09-27,2023-08-06
P000184,C00111,Auto,6887.7,2021-09-27,2024-05-29
P000185,C00114,Home,6006.38,2023-05-09,2024-03-20
P000186,C00114,Auto,893.57,2021-02-13,2022-04-17
P000187,C00114,Travel,2750.78,2023-12-16,2025-11-12
P000188,C00115,Auto,6936.69,2021-06-13,2024-04-07
P000189,C00116,Home,1190.98,2021-06-24,2022-06-13
P000190,C00116,Life,8515.67,2021-12-25,2024-07-22
P000191,C00116,Travel,2634.25,2022-02-12,2024-01-30
P000192,C00117,Life,3674.83,2024-06-17,2026-12-31
P000193,C00118,Health,8409.81,2023-11-15,2026-04-11
P000194,C00119,Health,9593.37,2022-08-07,2023-06-08
P000195,C00119,Life,4866.62,2025-01-24,2025-11-26
P000196,C00119,Home,9967.0,2024-06-03,2026-08-29
P000197,C00120,Home,7436.65,2023-04-11,2025-04-17
P000198,C00120,Travel,9919.56,2023-10-20,2026-06-19
P000199,C00120,Life,6857.58,2022-09-17,2025-01-06
P000200,C00122,Life,3823.62,2024-11-14,2026-12-22
P000201,C00122,Life,5917.73,2023-12-13,2025-04-18
P000202,C00122,Life,3870.9,2023-11-11,2026-10-08
P000203,C00123,Life,7102.05,2021-12-11,2023-05-21
P000204,C00123,Travel,7482.74,2023-07-08,2026-03-12
P000205,C00124,Home,2982.66,2021-07-13,2022-12-17
P000206,C00125,Health,2236.14,2025-06-24,2026-01-17
P000207,C00126,Life,3213.45,2023-04-24,2024-03-02
P000208,C00126,Auto,9444.01,2025-04-05,2025-12-15
P000209,C00127,Life,6443.98,2023-08-30,2024-10-07
P000210,C00127,Travel,2909.32,2023-08-05,2026-07-12
P000211,C00127,Travel,5197.95,2023-11-13,2024-10-10
P000212,C00128,Auto,6456.2,2025-08-15,2026-12-31
P000213,C00128,Life,2929.57,2025-10-24,2026-05-16
P000214,C00130,Auto,3410.95,2021-08-01,2024-02-14
P000215,C00131,Auto,1140.08,2021-12-14,2022-07-02
P000216,C00132,Auto,7840.37,2023-04-11,2024-07-20
P000217,C00133,Home,3923.57,2022-06-14,2024-08-01
P000218,C00135,Health,3288.58,2025-03-27,2026-12-31
P000219,C00135,Life,5795.35,2023-06-11,2024-04-28
P000220,C00135,Home,8173.32,2024-10-06,2025-12-20
P000221,C00136,Home,9971.02,2024-05-11,2026-04-15
P000222,C00136,Health,8857.65,2024-06-25,2025-03-26
P000223,C00136,Health,1807.48,2022-06-20,2023-12-17
P000224,C00137,Auto,8661.56,2023-09-05,2025-07-24
P000225,C00137,Travel,2771.13,2024-07-02,2025-09-22
P000226,C00137,Auto,6964.55,2025-04-05,2026-08-05
P000227,C00138,Travel,9378.17,2023-09-29,2026-07-06
P000228,C00138,Travel,7775.66,2022-10-17,2023-10-10
P000229,C00138,Home,4238.78,2023-12-17,2025-08-21
P000230,C00139,Travel,4567.75,2020-12-12,2023-04-05
P000231,C00140,Auto,1898.66,2023-02-10,2025-07-15
P000232,C00140,Travel,2706.13,2021-07-21,2024-05-17
P000233,C00141,Health,4017.21,2022-12-29,2025-12-06
P000234,C00141,Health,6748.3,2025-03-23,2026-12-31
P000235,C00141,Life,7985.72,2024-11-23,2026-11-14
P000236,C00142,Auto,3510.95,2025-01-20,2026-12-31
P000237,C00142,Health,3373.43,2025-09-24,2026-12-31
P000238,C00142,Auto,7764.18,2025-10-17,2026-09-16
P000239,C00143,Travel,3617.52,2025-10-11,2026-12-31
P000240,C00144,Life,5350.42,2022-05-24,2023-04-20
P000241,C00144,Home,8122.76,2021-04-02,2023-01-23
P000242,C00144,Life,9547.67,2023-06-24,2024-03-07
P000243,C00147,Home,3249.69,2025-07-16,2026-07-09
P000244,C00147,Health,9872.35,2025-01-21,2026-06-11
P000245,C00148,Home,6437.31,2024-10-30,2026-03-05
P000246,C00150,Health,5017.02,2025-09-15,2026-12-21
P000247,C00151,Health,8295.25,2021-06-08,2022-03-01
P000248,C00151,Home,5989.37,2023-03-15,2025-07-31
P000249,C00152,Travel,9821.8,2025-03-26,2026-12-31
P000250,C00152,Life,8469.11,2025-11-05,2026-12-31
P000251,C00152,Travel,3948.34,2025-05-10,2026-07-16
P000252,C00153,Auto,4373.89,2022-12-16,2025-04-06
P000253,C00154,Life,6952.04,2025-10-03,2026-06-18
P000254,C00154,Life,6481.47,2025-11-08,2026-12-31
P000255,C00155,Travel,1822.91,2022-07-01,2024-04-28
P000256,C00156,Health,1033.54,2025-10-12,2026-12-31
P000257,C00156,Health,2130.17,2024-05-14,2025-10-09
P000258,C00157,Travel,4450.68,2021-11-06,2023-08-24
P000259,C00157,Auto,1196.96,2020-09-19,2022-02-27
P000260,C00158,Travel,4945.81,2025-04-23,2026-01-21
P000261,C00158,Life,9003.04,2023-12-08,2024-06-26
P000262,C00159,Life,4851.27,2024-12-18,2026-12-31
P000263,C00159,Home,5372.31,2023-11-05,2024-09-09
P000264,C00161,Travel,9246.57,2025-01-24,2026-06-12
P000265,C00161,Travel,2440.3,2025-02-09,2026-12-31
P000266,C00162,Health,5761.32,2025-03-05,2026-12-31
P000267,C00163,Auto,2094.24,2024-10-20,2026-01-20
P000268,C00163,Health,7378.28,2022-08-19,2025-07-11
P000269,C00164,Home,5367.73,2025-06-03,2026-12-31
P000270,C00166,Home,2727.75,2024-06-02,2025-05-08
P000271,C00166,Auto,1011.39,2024-06-08,2026-11-04
P000272,C00166,Health,4222.2,2022-10-04,2023-05-27
P000273,C00167,Travel,7021.88,2023-06-26,2024-04-13
P000274,C00167,Auto,8727.34,2024-07-28,2025-04-12
P000275,C00168,Auto,858.13,2024-02-12,2026-12-23
P000276,C00168,Auto,5843.08,2025-08-08,2026-06-29
P000277,C00168,Health,8921.77,2024-08-03,2026-06-19
P000278,C00169,Travel,7210.53,2025-11-11,2026-12-31
P000279,C00170,Home,9563.4,2025-12-14,2026-12-31
P000280,C00170,Home,8361.48,2025-11-09,2026-11-21
P000281,C00171,Health,1801.7,2023-02-15,2025-07-07
P000282,C00171,Health,3267.93,2021-10-05,2022-06-24
P000283,C00172,Life,9100.34,2025-05-07,2026-12-31
P000284,C00172,Auto,1514.61,2025-06-22,2026-12-31
P000285,C00172,Auto,3327.68,2025-12-04,2026-09-21
P000286,C00173,Health,8520.99,2024-02-18,2025-11-29
P000287,C00174,Life,3599.68,2024-06-06,2026-12-31
P000288,C00175,Health,8301.88,2023-08-01,2026-07-08
P000289,C00175,Life,5027.0,2022-06-27,2023-11-09
P000290,C00176,Life,8612.46,2025-11-05,2026-12-31
P000291,C00177,Home,9380.56,2025-09-27,2026-05-29
P000292,C00177,Life,8937.82,2025-12-05,2026-12-31
P000293,C00178,Auto,4082.01,2025-08-17,2026-12-31
P000294,C00179,Life,7158.89,2025-06-25,2026-11-13
P000295,C00179,Travel,8383.3,2025-02-08,2025-10-26
P000296,C00180,Health,1979.85,2023-02-11,2024-07-14
P000297,C00180,Life,4084.95,2022-07-15,2023-07-27
P000298,C00181,Auto,2494.03,2023-12-24,2025-12-07
P000299,C00182,Health,909.45,2025-12-19,2026-12-31
P000300,C00182,Life,9503.91,2025-11-19,2026-12-31
P000301,C00182,Auto,1532.48,2025-11-18,2026-12-31
P000302,C00183,Travel,3754.62,2024-11-09,2026-12-31
P000303,C00183,Travel,1887.2,2024-11-17,2026-12-31
P000304,C00183,Life,8346.44,2025-10-15,2026-12-31
P000305,C00184,Health,3680.5,2025-07-07,2026-12-31
P000306,C00184,Auto,1910.81,2024-05-02,2026-11-03
P000307,C00184,Travel,4130.17,2025-01-03,2026-12-31
P000308,C00186,Life,6606.55,2025-11-29,2026-12-31
P000309,C00186,Life,7270.32,2025-04-02,2026-12-31
P000310,C00187,Auto,4093.13,2021-11-11,2023-07-25
P000311,C00187,Health,6996.77,2021-12-31,2022-07-11
P000312,C00188,Auto,7390.23,2020-09-17,2023-02-28
P000313,C00188,Health,1265.52,2021-07-29,2022-05-21
P000314,C00190,Health,557.45,2022-07-09,2023-08-21
P000315,C00193,Travel,5918.89,2025-09-28,2026-12-24
P000316,C00194,Travel,5693.43,2021-07-08,2023-12-19
P000317,C00194,Auto,5578.31,2023-07-22,2024-06-17
P000318,C00195,Travel,6194.04,2024-04-21,2026-10-11
P000319,C00195,Health,1591.61,2022-09-21,2023-04-02
P000320,C00196,Life,1017.86,2021-11-27,2023-06-05
P000321,C00196,Home,2656.3,2021-05-05,2022-04-04
P000322,C00197,Health,7068.45,2022-10-06,2024-09-22
P000323,C00197,Auto,8379.16,2023-04-15,2024-12-17
P000324,C00197,Life,5905.08,2023-01-27,2025-10-12
P000325,C00198,Life,4620.1,2025-01-07,2026-12-31
P000326,C00199,Home,8017.2,2025-07-28,2026-12-31
P000327,C00199,Home,8148.42,2025-01-07,2025-08-20
P000328,C00199,Health,987.0,2025-08-07,2026-12-31
P000329,C00200,Auto,6042.5,2020-05-29,2021-04-17
P000330,C00200,Home,2270.99,2021-08-12,2022-06-21
P000331,C00201,Auto,6166.12,2022-01-23,2024-05-17
P000332,C00202,Home,2552.3,2025-10-16,2026-12-31
P000333,C00203,Home,5013.45,2025-07-27,2026-12-31
P000334,C00204,Auto,6833.95,2023-08-13,2026-03-30
P000335,C00204,Home,1010.93,2023-07-29,2026-04-19
P000336,C00206,Health,8471.45,2022-08-29,2025-04-25
P000337,C00206,Home,7417.11,2023-08-02,2025-09-15
P000338,C00206,Auto,8627.74,2023-09-25,2024-12-15
P000339,C00207,Home,6660.41,2023-01-03,2025-05-05
P000340,C00207,Home,1634.12,2021-06-29,2022-07-05
P000341,C00209,Life,2321.49,2025-04-23,2026-10-27
P000342,C00209,Home,8761.67,2025-03-17,2025-10-01
P000343,C00209,Life,6963.65,2024-05-29,2026-12-31
P000344,C00211,Travel,5585.8,2023-01-19,2025-01-02
P000345,C00211,Health,5421.73,2024-06-17,2025-03-16
P000346,C00211,Life,7191.19,2024-10-18,2026-12-31
P000347,C00212,Auto,9336.57,2025-02-23,2026-12-31
P000348,C00212,Auto,1001.85,2024-10-20,2025-12-11
P000349,C00213,Life,5081.6,2024-12-13,2026-12-31
P000350,C00215,Travel,6363.35,2023-06-12,2024-03-23
P000351,C00215,Life,9264.74,2025-11-08,2026-11-19
P000352,C00216,Travel,6833.51,2025-09-30,2026-12-31
P000353,C00217,Health,4374.95,2024-03-19,2026-06-28
P000354,C00217,Travel,7416.12,2024-09-03,2026-11-27
P000355,C00217,Home,1307.18,2025-08-20,2026-06-07
P000356,C00218,Auto,3129.16,2025-03-24,2026-12-01
P000357,C00220,Health,3614.9,2021-10-30,2022-05-17
P000358,C00220,Travel,5010.31,2023-10-31,2024-12-29
P000359,C00221,Health,6423.43,2025-12-15,2026-12-31
P000360,C00221,Auto,6891.18,2025-10-11,2026-12-31
P000361,C00222,Health,2747.79,2021-11-25,2024-09-22
P000362,C00224,Health,4839.77,2023-10-10,2026-04-08
P000363,C00224,Life,2925.86,2023-12-17,2025-04-07
P000364,C00224,Auto,5979.68,2023-11-28,2025-11-20
P000365,C00226,Travel,7331.22,2024-07-14,2025-08-29
P000366,C00226,Travel,2883.46,2024-11-19,2026-03-02
P000367,C00227,Home,4766.25,2025-05-03,2026-06-12
P000368,C00227,Auto,3658.05,2025-07-05,2026-12-31
P000369,C00227,Home,2697.9,2025-03-22,2026-12-31
P000370,C00228,Auto,9715.71,2025-05-29,2026-04-12
P000371,C00228,Health,3209.46,2025-08-24,2026-12-31
P000372,C00228,Life,2413.91,2025-01-30,2026-12-31
P000373,C00230,Travel,1576.35,2021-06-29,2023-06-24
P000374,C00231,Auto,5690.87,2025-12-11,2026-06-13
P000375,C00231,Life,8594.46,2025-10-03,2026-12-31
P000376,C00233,Life,7562.63,2022-06-16,2025-05-28
P000377,C00233,Home,1257.29,2021-10-19,2023-08-14
P000378,C00234,Home,1698.1,2025-12-17,2026-09-10
P000379,C00235,Travel,5604.73,2025-11-29,2026-12-31
P000380,C00235,Travel,3079.73,2025-10-07,2026-12-31
P000381,C00236,Home,6925.78,2024-06-15,2025-12-08
P000382,C00236,Home,7686.29,2024-06-08,2026-12-26
P000383,C00237,Auto,9469.98,2020-09-26,2022-12-04
P000384,C00238,Travel,4706.88,2025-10-27,2026-12-17
P000385,C00239,Life,2433.58,2024-12-05,2026-12-31
P000386,C00239,Travel,3520.09,2025-08-31,2026-05-05
P000387,C00239,Travel,3367.19,2024-08-31,2026-10-21
P000388,C00240,Travel,9175.68,2024-01-08,2025-12-11
P000389,C00241,Travel,9781.17,2023-06-21,2024-03-25
P000390,C00241,Auto,5137.12,2022-03-02,2024-05-04
P000391,C00242,Home,6470.77,2024-12-30,2025-08-08
P000392,C00242,Travel,9329.33,2024-10-08,2025-07-19
P000393,C00243,Travel,4291.7,2021-01-11,2023-04-25
P000394,C00243,Home,9568.26,2021-08-29,2023-07-31
P000395,C00244,Health,4348.91,2025-11-12,2026-12-31
P000396,C00244,Life,6583.62,2025-09-30,2026-07-07
P000397,C00244,Health,3599.09,2025-12-05,2026-12-31
P000398,C00245,Health,1766.77,2023-07-18,2026-05-23
P000399,C00246,Home,2688.67,2024-03-23,2026-08-01
P000400,C00246,Auto,1623.26,2022-11-13,2024-10-05
P000401,C00247,Auto,6903.36,2020-08-17,2022-12-30
P000402,C00247,Home,7160.43,2020-07-04,2022-03-21
P000403,C00247,Auto,9372.79,2021-09-09,2022-09-22
P000404,C00248,Life,5387.65,2024-01-22,2025-03-15
P000405,C00248,Home,3917.34,2024-03-28,2026-08-13
P000406,C00248,Life,4840.44,2023-04-11,2025-01-10
P000407,C00249,Life,7123.08,2025-04-13,2026-12-03
P000408,C00249,Home,1153.16,2024-12-11,2026-12-31
P000409,C00250,Home,2437.95,2025-08-06,2026-12-31
P000410,C00250,Home,3458.13,2025-11-26,2026-08-16
P000411,C00250,Auto,8474.81,2025-09-27,2026-08-17
P000412,C00251,Home,3329.66,2022-02-27,2023-10-01
P000413,C00251,Home,2661.08,2023-08-01,2025-01-26
P000414,C00251,Life,9429.28,2021-09-28,2023-10-27
P000415,C00253,Travel,998.58,2023-04-16,2024-08-04
P000416,C00253,Life,9845.26,2023-04-09,2025-03-10
P000417,C00255,Travel,7775.75,2022-07-07,2025-01-14
P000418,C00256,Auto,1777.12,2025-01-26,2025-10-01
P000419,C00257,Life,757.51,2024-09-11,2025-12-30
P000420,C00257,Travel,7737.95,2025-07-01,2026-12-31
P000421,C00257,Life,5587.65,2025-09-27,2026-11-01
P000422,C00260,Auto,5130.36,2024-11-24,2025-08-01
P000423,C00260,Home,4801.84,2025-01-03,2025-09-19
P000424,C00261,Travel,6008.38,2022-09-30,2024-08-26
P000425,C00261,Life,4347.2,2020-12-03,2023-01-26
P000426,C00262,Travel,4226.54,2022-03-03,2023-10-29
P000427,C00263,Travel,2958.53,2025-05-02,2026-06-22
P000428,C00263,Auto,3380.59,2024-05-10,2025-02-22
P000429,C00263,Life,2957.75,2025-11-22,2026-12-04
P000430,C00264,Travel,8201.49,2025-12-09,2026-12-31
P000431,C00265,Auto,9627.09,2025-01-20,2025-11-13
P000432,C00265,Life,2947.5,2024-08-24,2025-03-08
P000433,C00265,Life,7465.02,2024-05-25,2026-07-25
P000434,C00266,Health,8884.85,2021-05-16,2023-12-14
P000435,C00267,Home,8527.62,2023-07-25,2025-12-29
P000436,C00268,Travel,5394.09,2024-03-05,2025-07-04
P000437,C00269,Health,8592.54,2022-04-09,2023-05-03
P000438,C00270,Health,3796.11,2020-08-28,2021-09-20
P000439,C00270,Home,5099.64,2021-06-11,2022-09-04
P000440,C00270,Life,3749.66,2022-07-13,2025-01-03
P000441,C00271,Health,2741.97,2022-08-20,2023-06-04
P000442,C00272,Home,5372.2,2021-02-18,2021-11-27
P000443,C00272,Home,8702.6,2023-08-23,2024-03-16
P000444,C00272,Home,4776.04,2021-07-11,2022-03-29
P000445,C00273,Home,4850.05,2025-11-28,2026-12-31
P000446,C00274,Life,9602.31,2024-12-22,2026-12-31
P000447,C00274,Home,8455.77,2024-03-07,2026-09-04
P000448,C00274,Home,2026.02,2024-05-11,2025-12-23
P000449,C00275,Home,2688.03,2025-08-19,2026-11-20
P000450,C00275,Health,3858.0,2025-01-01,2026-10-05
P000451,C00276,Travel,7256.02,2022-03-13,2024-05-18
P000452,C00277,Auto,7903.97,2025-03-06,2026-12-31
P000453,C00277,Auto,7970.15,2025-06-03,2026-03-17
P000454,C00278,Life,6269.58,2023-01-15,2024-11-03
P000455,C00278,Auto,1108.9,2021-04-06,2022-01-29
P000456,C00278,Life,2504.21,2022-10-14,2024-02-19
P000457,C00279,Travel,4873.13,2025-07-23,2026-12-31
P000458,C00279,Auto,1630.7,2025-08-21,2026-09-18
P000459,C00279,Health,6392.23,2025-07-29,2026-04-27
P000460,C00280,Health,3075.85,2021-09-10,2022-10-25
P000461,C00280,Life,5336.79,2023-08-07,2026-07-26
P000462,C00281,Life,4474.29,2021-08-04,2023-06-30
P000463,C00282,Life,3034.55,2024-09-19,2026-12-31
P000464,C00283,Travel,3916.92,2025-12-07,2026-12-31
P000465,C00284,Life,6538.5,2023-05-25,2024-07-18
P000466,C00285,Auto,3629.1,2024-07-27,2025-07-21
P000467,C00285,Life,8210.46,2025-07-15,2026-12-31
P000468,C00286,Travel,7082.74,2025-06-30,2026-12-31
P000469,C00286,Health,6792.02,2025-12-09,2026-12-31
P000470,C00286,Auto,1985.44,2024-12-18,2025-10-13
P000471,C00287,Life,5007.13,2021-11-13,2022-10-31
P000472,C00287,Travel,5908.4,2021-03-01,2023-02-01
P000473,C00288,Life,4768.05,2024-09-17,2026-10-15
P000474,C00288,Health,1683.83,2023-06-16,2024-02-20
P000475,C00289,Health,5762.81,2024-07-25,2026-04-29
P000476,C00292,Auto,9047.56,2025-01-11,2025-10-08
P000477,C00292,Home,868.19,2024-10-16,2026-03-14
P000478,C00293,Auto,5522.72,2022-08-26,2023-12-07
P000479,C00294,Travel,8728.75,2025-07-10,2026-12-31
P000480,C00294,Auto,3018.58,2024-09-11,2026-12-31
P000481,C00294,Auto,2593.11,2024-07-11,2025-11-02
P000482,C00295,Home,5479.86,2022-01-18,2024-03-17
P000483,C00295,Life,9151.32,2022-04-17,2024-01-20
P000484,C00296,Travel,1215.15,2020-11-08,2023-02-25
P000485,C00298,Auto,9044.42,2020-12-07,2022-11-05
P000486,C00298,Home,6298.57,2020-09-04,2022-05-29
P000487,C00298,Life,7491.24,2022-10-13,2023-09-11
P000488,C00299,Home,4908.0,2025-10-04,2026-09-27
P000489,C00300,Auto,1212.12,2025-08-22,2026-05-25
P000490,C00301,Auto,1120.13,2023-05-30,2025-11-29
P000491,C00302,Health,5385.16,2025-05-24,2026-03-22
P000492,C00302,Health,9162.28,2025-02-19,2026-10-03
P000493,C00302,Life,1421.67,2024-12-15,2026-12-31
P000494,C00303,Health,4555.5,2022-02-18,2024-03-19
P000495,C00303,Auto,3114.12,2021-06-09,2022-06-12
P000496,C00304,Health,9819.93,2025-10-24,2026-12-31
P000497,C00304,Travel,7620.68,2025-03-11,2026-04-12
P000498,C00305,Auto,3498.85,2022-09-25,2023-11-14
P000499,C00305,Health,613.22,2020-12-18,2021-10-16
P000500,C00307,Life,1231.21,2025-11-09,2026-12-31
P000501,C00307,Auto,2824.22,2025-08-17,2026-12-31
P000502,C00307,Health,8832.64,2025-05-13,2026-05-01
P000503,C00308,Travel,2915.46,2025-06-10,2026-12-31
P000504,C00310,Auto,6254.66,2024-03-21,2026-11-13
P000505,C00311,Auto,7654.63,2024-03-31,2026-11-12
P000506,C00311,Home,2299.71,2025-04-03,2026-12-31
P000507,C00312,Health,8483.31,2023-03-18,2024-10-24
P000508,C00313,Travel,3604.02,2023-08-27,2025-12-31
P000509,C00313,Life,3105.02,2024-05-21,2026-04-11
P000510,C00314,Life,8464.8,2022-08-29,2025-05-21
P000511,C00314,Travel,8984.58,2023-06-26,2024-07-30
P000512,C00315,Auto,1733.64,2024-11-14,2026-02-19
P000513,C00315,Life,9645.96,2025-06-03,2026-12-31
P000514,C00316,Travel,8222.08,2021-08-31,2023-12-23
P000515,C00316,Travel,7923.89,2021-11-11,2023-03-31
P000516,C00317,Home,6891.9,2024-02-09,2024-08-08
P000517,C00317,Home,6584.25,2023-08-14,2025-07-29
P000518,C00318,Home,9562.4,2024-02-21,2024-12-13
P000519,C00319,Life,2568.42,2022-06-11,2023-01-22
P000520,C00320,Auto,7710.28,2023-11-03,2025-07-23
P000521,C00321,Health,3832.39,2025-08-14,2026-09-04
P000522,C00321,Life,9160.51,2025-10-21,2026-12-31
P000523,C00321,Auto,522.07,2025-11-24,2026-12-31
P000524,C00322,Life,4849.15,2021-07-26,2022-07-18
P000525,C00322,Auto,2368.34,2021-06-16,2022-01-30
P000526,C00323,Home,5683.85,2021-09-07,2024-08-16
P000527,C00323,Home,5448.41,2023-02-13,2025-10-19
P000528,C00323,Home,1866.75,2022-06-23,2024-06-18
P000529,C00324,Health,1518.61,2022-06-17,2024-07-30
P000530,C00325,Travel,2373.24,2022-02-09,2024-04-17
P000531,C00325,Home,9275.45,2022-01-04,2024-05-08
P000532,C00325,Health,3976.04,2024-03-08,2025-11-11
P000533,C00326,Home,6472.97,2022-05-28,2023-12-12
P000534,C00326,Auto,4827.88,2021-03-03,2023-11-29
P000535,C00327,Health,2054.35,2024-06-01,2026-03-21
P000536,C00327,Life,7013.69,2025-05-31,2026-07-22
P000537,C00327,Life,8086.28,2024-07-28,2026-06-02
P000538,C00328,Travel,8262.52,2022-12-07,2023-10-05
P000539,C00328,Home,3448.52,2023-08-10,2025-07-30
P000540,C00328,Auto,9434.72,2024-07-19,2025-04-30
P000541,C00329,Health,2901.96,2024-08-11,2026-11-17
P000542,C00330,Travel,6515.2,2024-08-09,2026-12-31
P000543,C00330,Auto,767.15,2025-06-14,2026-05-02
P000544,C00331,Health,1407.81,2023-08-10,2026-02-28
P000545,C00332,Life,4349.37,2023-04-06,2024-06-28
P000546,C00332,Travel,6006.17,2024-05-06,2025-09-17
P000547,C00332,Auto,566.91,2025-04-18,2026-12-31
P000548,C00333,Health,9671.76,2021-09-24,2024-02-28
P000549,C00334,Home,6486.66,2024-03-06,2024-12-08
P000550,C00335,Auto,2055.43,2024-08-12,2026-11-18
P000551,C00336,Home,7926.43,2024-10-23,2025-08-12
P000552,C00336,Health,3751.14,2024-01-16,2025-03-23
P000553,C00337,Health,7235.16,2024-05-19,2026-06-17
P000554,C00337,Health,676.05,2025-09-18,2026-12-31
P000555,C00338,Home,7971.8,2023-03-27,2025-04-20
P000556,C00338,Travel,4735.92,2023-10-11,2026-07-31
P000557,C00339,Health,7652.05,2022-07-21,2024-11-29
P000558,C00340,Life,9964.13,2023-06-17,2025-03-11
P000559,C00340,Travel,3775.31,2024-07-20,2025-05-21
P000560,C00341,Health,7292.05,2023-03-04,2025-08-15
P000561,C00341,Auto,1966.95,2021-03-30,2022-09-14
P000562,C00342,Life,4771.93,2022-12-04,2025-04-24
P000563,C00342,Home,6408.82,2022-01-11,2023-07-25
P000564,C00343,Life,8590.02,2020-08-04,2021-12-25
P000565,C00343,Life,7742.43,2022-09-11,2025-04-20
P000566,C00344,Auto,4635.28,2023-10-10,2025-10-10
P000567,C00344,Travel,4515.52,2024-12-01,2026-12-31
P000568,C00344,Life,3057.3,2025-05-06,2026-06-18
P000569,C00345,Home,3841.34,2023-09-01,2026-07-10
P000570,C00345,Travel,5993.07,2023-11-03,2026-10-02
P000571,C00345,Home,6858.05,2024-04-24,2025-07-16
P000572,C00346,Auto,1029.42,2020-03-13,2020-09-26
P000573,C00346,Health,5061.74,2022-10-11,2025-03-25
P000574,C00346,Auto,9209.18,2021-07-01,2023-02-22
P000575,C00347,Auto,6069.24,2024-01-23,2024-11-03
P000576,C00347,Health,4907.39,2022-10-28,2025-08-14
P000577,C00349,Auto,5564.03,2025-06-27,2026-08-26
P000578,C00349,Life,1729.12,2024-11-29,2026-03-01
P000579,C00351,Health,2225.5,2024-10-23,2026-12-31
P000580,C00351,Home,4360.16,2022-12-05,2024-11-04
P000581,C00352,Auto,1689.69,2024-04-17,2025-04-17
P000582,C00354,Health,7291.54,2025-01-11,2026-12-31
P000583,C00354,Home,9641.02,2023-05-14,2024-10-03
P000584,C00355,Home,7879.8,2025-03-11,2026-12-31
P000585,C00355,Travel,8978.46,2025-08-19,2026-12-31
P000586,C00355,Travel,2858.73,2025-01-07,2025-11-12
P000587,C00356,Auto,2514.77,2024-11-03,2025-09-17
P000588,C00356,Home,2464.58,2024-02-17,2026-05-31
P000589,C00356,Auto,1484.55,2025-10-15,2026-12-31
P000590,C00357,Auto,6962.38,2024-12-22,2026-01-20
P000591,C00357,Travel,2016.83,2025-09-15,2026-12-31
P000592,C00357,Health,1655.25,2025-08-27,2026-12-31
P000593,C00358,Travel,8203.88,2025-06-19,2026-12-31
P000594,C00358,Life,4361.4,2025-07-13,2026-12-31
P000595,C00359,Auto,9396.69,2024-03-29,2025-10-08
P000596,C00360,Travel,3246.93,2022-06-14,2023-08-15
P000597,C00360,Life,1924.14,2022-12-07,2025-02-04
P000598,C00360,Travel,9837.17,2021-09-09,2024-01-09
P000599,C00361,Auto,7162.95,2024-02-16,2025-08-25
P000600,C00361,Travel,8315.25,2022-08-30,2023-02-27
P000601,C00361,Travel,7280.21,2022-08-29,2024-01-31
P000602,C00362,Auto,7772.66,2025-08-04,2026-12-31
P000603,C00363,Health,5596.99,2022-10-04,2024-02-18
P000604,C00363,Home,6273.9,2023-11-19,2026-11-17
P000605,C00364,Travel,6056.84,2023-10-03,2025-02-25
P000606,C00365,Life,6411.88,2021-06-05,2023-10-19
P000607,C00365,Health,1758.47,2023-06-22,2024-02-25
P000608,C00365,Auto,2976.41,2022-04-23,2024-03-10
P000609,C00366,Health,1442.76,2024-08-09,2026-08-09
P000610,C00367,Home,1724.57,2022-09-10,2025-05-31
P000611,C00367,Auto,6419.81,2024-01-25,2025-08-10
P000612,C00368,Home,1418.09,2023-06-14,2025-05-20
P000613,C00368,Health,7749.93,2021-07-25,2022-08-16
P000614,C00368,Home,6138.96,2023-02-24,2024-01-15
P000615,C00369,Auto,4806.04,2025-04-30,2026-12-31
P000616,C00369,Health,1249.83,2025-10-21,2026-07-06
P000617,C00369,Health,3934.13,2025-01-23,2026-04-26
P000618,C00371,Travel,5183.34,2021-11-28,2024-07-21
P000619,C00372,Health,8403.44,2024-12-07,2026-08-24
P000620,C00373,Health,9218.84,2022-09-10,2025-02-06
P000621,C00373,Travel,5513.74,2023-08-27,2025-11-15
P000622,C00374,Travel,1509.53,2021-05-20,2022-06-05
P000623,C00375,Health,834.01,2025-09-03,2026-10-09
P000624,C00375,Home,3335.68,2025-09-23,2026-04-06
P000625,C00376,Health,2252.13,2025-11-15,2026-12-27
P000626,C00377,Health,2456.89,2022-05-26,2023-12-30
P000627,C00377,Life,5148.15,2023-02-26,2025-11-30
P000628,C00378,Travel,2447.3,2025-09-14,2026-12-31
P000629,C00378,Travel,8599.16,2025-11-12,2026-12-31
P000630,C00378,Auto,4574.4,2025-08-24,2026-08-20
P000631,C00380,Home,1278.42,2025-06-29,2026-09-24
P000632,C00381,Health,3554.56,2022-07-20,2025-05-23
P000633,C00382,Auto,5188.66,2021-07-24,2022-02-25
P000634,C00382,Home,7422.05,2022-07-17,2025-05-01
P000635,C00383,Home,537.22,2022-01-31,2022-09-20
P000636,C00383,Health,7973.87,2024-12-04,2026-12-31
P000637,C00384,Life,4071.73,2025-08-14,2026-12-31
P000638,C00384,Life,1236.09,2025-11-06,2026-12-31
P000639,C00385,Home,7144.16,2022-12-14,2024-02-10
P000640,C00385,Auto,5562.05,2021-06-04,2022-01-28
P000641,C00387,Life,7940.02,2025-08-18,2026-12-31
P000642,C00387,Auto,6438.37,2025-08-26,2026-12-31
P000643,C00388,Home,2147.26,2025-03-04,2026-12-31
P000644,C00388,Life,808.47,2025-09-14,2026-12-31
P000645,C00388,Life,6823.68,2025-09-21,2026-09-06
P000646,C00390,Home,1085.91,2024-10-03,2025-06-08
P000647,C00390,Life,5881.92,2023-12-02,2026-02-21
P000648,C00391,Life,3153.73,2022-05-14,2025-03-23
P000649,C00392,Life,8882.89,2024-09-18,2025-10-28
P000650,C00393,Travel,2496.12,2024-08-28,2026-03-29
P000651,C00394,Home,2790.11,2023-11-20,2026-03-02
P000652,C00394,Life,1353.31,2023-08-31,2025-01-17
P000653,C00394,Travel,1458.95,2024-03-24,2026-12-31
P000654,C00395,Life,6567.39,2022-05-17,2022-12-29
P000655,C00395,Home,1389.51,2020-06-13,2021-09-09
P000656,C00396,Travel,9240.38,2023-03-10,2024-09-19
P000657,C00396,Home,9504.64,2024-12-02,2026-12-31
P000658,C00396,Auto,7994.98,2023-09-30,2026-03-19
P000659,C00397,Home,3831.74,2025-11-16,2026-12-31
P000660,C00397,Auto,1957.42,2025-10-10,2026-12-31
P000661,C00398,Health,7915.44,2023-10-23,2025-01-26
P000662,C00398,Home,948.64,2023-03-13,2023-12-09
P000663,C00398,Home,1168.85,2022-08-22,2024-06-17
P000664,C00399,Travel,5763.94,2025-04-17,2026-12-31
P000665,C00401,Home,6681.88,2025-11-27,2026-12-31
P000666,C00401,Travel,2547.37,2025-08-30,2026-12-31
P000667,C00402,Health,7690.81,2024-01-20,2024-09-13
P000668,C00402,Travel,8075.5,2024-03-28,2026-12-18
P000669,C00403,Life,671.77,2023-12-28,2025-08-01
P000670,C00403,Home,6803.16,2024-09-02,2025-07-25
P000671,C00404,Auto,4993.41,2023-08-03,2026-02-19
P000672,C00404,Health,4889.37,2022-03-05,2025-01-16
P000673,C00404,Life,3739.0,2023-04-29,2025-10-10
P000674,C00405,Health,6812.03,2025-01-29,2026-04-11
P000675,C00406,Home,6700.92,2024-03-18,2026-09-21
P000676,C00408,Travel,5845.23,2025-10-21,2026-12-10
P000677,C00409,Health,4722.19,2020-05-01,2022-03-11
P000678,C00409,Health,1308.86,2020-07-27,2023-03-18
P000679,C00409,Life,9662.11,2021-01-20,2021-10-13
P000680,C00410,Auto,8871.88,2022-12-12,2025-01-25
P000681,C00410,Auto,3459.37,2023-01-14,2023-12-11
P000682,C00410,Life,6496.29,2024-05-03,2024-11-06
P000683,C00411,Travel,4073.81,2024-11-22,2026-12-31
P000684,C00411,Home,8561.76,2024-11-12,2026-12-31
P000685,C00412,Travel,3136.47,2024-04-22,2025-10-27
P000686,C00413,Auto,6653.34,2025-10-07,2026-12-31
P000687,C00414,Health,3919.93,2025-08-15,2026-06-05
P000688,C00414,Auto,6852.37,2024-12-12,2026-02-03
P000689,C00415,Auto,1000.74,2025-01-09,2025-07-19
P000690,C00416,Home,5332.71,2025-12-15,2026-12-31
P000691,C00417,Health,2304.38,2022-08-10,2025-05-09
P000692,C00417,Home,2850.9,2023-09-15,2026-05-19
P000693,C00419,Home,8339.86,2021-11-29,2024-09-28
P000694,C00419,Life,7129.71,2022-08-11,2024-05-28
P000695,C00419,Life,2165.68,2020-10-23,2021-10-29
P000696,C00420,Auto,4744.44,2020-07-19,2022-08-04
P000697,C00420,Health,9236.53,2021-10-11,2023-07-09
P000698,C00420,Home,8560.58,2021-05-15,2022-11-20
P000699,C00421,Travel,2940.69,2023-10-05,2025-05-21
P000700,C00422,Health,8386.93,2024-05-03,2026-11-12
P000701,C00422,Life,5494.82,2024-06-07,2026-11-16
P000702,C00422,Travel,9694.71,2024-08-06,2026-10-15
P000703,C00423,Home,7056.63,2025-08-08,2026-12-31
P000704,C00423,Life,9922.4,2025-10-28,2026-06-11
P000705,C00423,Auto,4554.51,2025-09-01,2026-06-26
P000706,C00424,Health,9911.11,2023-10-08,2025-01-18
P000707,C00425,Home,8641.03,2025-08-18,2026-12-31
P000708,C00425,Travel,6039.14,2025-10-03,2026-12-31
P000709,C00426,Travel,3342.86,2025-03-23,2026-09-29
P000710,C00427,Home,2300.43,2024-01-15,2025-09-29
P000711,C00427,Home,7861.82,2023-11-02,2026-03-18
P000712,C00428,Auto,8930.7,2025-08-14,2026-09-21
P000713,C00428,Health,1990.57,2024-09-10,2025-10-20
P000714,C00428,Health,3048.73,2025-11-22,2026-12-31
P000715,C00429,Life,2895.37,2023-02-23,2024-10-09
P000716,C00429,Home,6369.73,2024-01-28,2025-12-08
P000717,C00430,Life,8804.6,2023-11-03,2025-03-10
P000718,C00431,Life,6739.74,2024-01-16,2025-01-21
P000719,C00431,Auto,9994.94,2023-11-09,2025-02-23
P000720,C00432,Life,5741.04,2023-12-21,2026-08-25
P000721,C00432,Health,812.14,2025-01-15,2026-12-31
P000722,C00433,Health,7351.63,2025-10-04,2026-12-31
P000723,C00433,Auto,9828.02,2024-03-25,2025-04-20
P000724,C00433,Health,9507.89,2025-04-09,2026-03-12
P000725,C00434,Travel,5612.15,2022-11-24,2025-11-21
P000726,C00434,Health,7780.34,2020-09-03,2022-01-10
P000727,C00434,Life,6651.44,2022-06-09,2025-05-29
P000728,C00435,Auto,7660.8,2023-01-24,2025-06-08
P000729,C00435,Home,1705.29,2023-04-16,2026-03-02
P000730,C00435,Travel,6414.47,2023-03-15,2025-04-26
P000731,C00436,Auto,5177.82,2025-11-30,2026-12-31
P000732,C00436,Health,3131.07,2025-08-29,2026-12-31
P000733,C00436,Health,4192.41,2024-03-11,2026-12-24
P000734,C00437,Health,1879.64,2020-07-01,2022-06-16
P000735,C00438,Health,9842.18,2025-08-06,2026-05-06
P000736,C00438,Home,6754.8,2025-09-13,2026-12-31
P000737,C00440,Auto,9270.1,2023-06-14,2025-07-27
P000738,C00441,Life,5330.55,2025-03-24,2026-12-18
P000739,C00442,Health,1979.08,2025-03-15,2026-12-31
P000740,C00442,Travel,8029.13,2023-05-06,2026-02-21
P000741,C00444,Home,7486.9,2025-09-28,2026-12-31
P000742,C00445,Travel,5768.89,2024-04-06,2024-12-18
P000743,C00445,Auto,1216.42,2025-09-15,2026-12-31
P000744,C00445,Life,8938.59,2023-12-15,2025-05-03
P000745,C00446,Auto,9720.27,2025-07-15,2026-11-30
P000746,C00446,Home,5430.71,2025-04-19,2026-12-31
P000747,C00446,Health,5276.44,2025-12-09,2026-12-31
P000748,C00447,Health,3514.25,2024-09-23,2025-08-07
P000749,C00447,Life,7729.56,2023-12-14,2024-08-01
P000750,C00448,Travel,3190.58,2022-02-04,2023-09-07
P000751,C00448,Travel,2246.22,2023-11-20,2026-03-05
P000752,C00449,Home,8278.09,2022-02-16,2024-09-24
P000753,C00449,Travel,3740.92,2020-06-12,2021-04-05
P000754,C00449,Home,4797.35,2022-05-05,2024-09-09
P000755,C00450,Home,4074.18,2024-10-13,2025-09-01
P000756,C00451,Auto,7525.85,2024-10-27,2026-04-12
P000757,C00451,Health,4971.66,2022-06-08,2024-09-26
P000758,C00451,Travel,8009.88,2022-04-28,2024-10-23
P000759,C00453,Health,7615.49,2022-10-09,2024-02-19
P000760,C00453,Home,2893.98,2022-06-09,2024-03-11
P000761,C00453,Health,5731.56,2024-05-20,2025-12-21
P000762,C00454,Health,5471.22,2024-02-28,2025-03-16
P000763,C00454,Home,5600.16,2023-06-12,2024-12-05
P000764,C00454,Life,7758.91,2025-10-15,2026-12-31
P000765,C00455,Auto,7420.69,2023-10-04,2025-02-15
P000766,C00456,Life,3404.17,2021-12-24,2024-10-26
P000767,C00458,Health,8274.43,2024-10-17,2025-07-29
P000768,C00458,Life,3783.74,2024-01-29,2026-07-12
P000769,C00459,Home,1814.78,2025-06-26,2026-12-31
P000770,C00459,Health,6574.06,2025-06-06,2026-04-27
P000771,C00460,Travel,1311.32,2025-11-23,2026-12-31
P000772,C00461,Life,5198.67,2025-11-28,2026-12-31
P000773,C00461,Life,4400.69,2025-12-11,2026-12-31
P000774,C00462,Auto,4593.94,2025-07-24,2026-03-17
P000775,C00462,Home,4383.07,2025-07-25,2026-12-31
P000776,C00463,Auto,1922.88,2025-02-12,2025-09-22
P000777,C00463,Life,5817.32,2024-12-03,2025-10-11
P000778,C00465,Travel,8988.34,2024-05-14,2025-04-06
P000779,C00465,Home,7572.2,2025-05-17,2026-12-31
P000780,C00465,Health,6640.47,2023-11-22,2025-03-01
P000781,C00466,Travel,6270.98,2020-09-17,2023-07-26
P000782,C00467,Auto,5512.01,2025-11-19,2026-12-31
P000783,C00468,Life,667.63,2025-10-22,2026-12-31
P000784,C00468,Auto,4308.38,2025-05-04,2026-12-31
P000785,C00469,Home,8090.01,2022-01-17,2023-08-06
P000786,C00469,Auto,8130.52,2023-05-27,2025-11-07
P000787,C00470,Health,3877.53,2025-08-22,2026-12-31
P000788,C00470,Health,5926.52,2025-09-23,2026-07-29
P000789,C00471,Health,4360.86,2023-04-11,2024-01-06
P000790,C00471,Health,3038.07,2025-07-27,2026-12-31
P000791,C00471,Travel,1436.2,2023-12-05,2026-11-10
P000792,C00472,Home,1739.29,2022-04-15,2023-03-06
P000793,C00474,Travel,6117.36,2022-03-07,2024-06-01
P000794,C00474,Life,7584.47,2024-07-28,2026-05-25
P000795,C00475,Travel,5722.0,2025-10-30,2026-12-31
P000796,C00476,Auto,604.63,2025-12-20,2026-12-31
P000797,C00479,Travel,536.39,2024-07-29,2026-09-17
P000798,C00480,Health,7760.39,2022-06-28,2023-06-18
P000799,C00480,Health,8607.92,2023-07-14,2025-07-09
P000800,C00480,Travel,4621.94,2023-05-18,2023-12-25
P000801,C00481,Travel,3230.32,2025-12-16,2026-12-31
P000802,C00481,Home,4771.04,2025-03-27,2026-12-31
P000803,C00481,Auto,9992.47,2025-09-12,2026-12-31
P000804,C00482,Home,2058.6,2025-11-13,2026-12-31
P000805,C00483,Travel,5818.06,2024-07-11,2025-03-09
P000806,C00483,Auto,3228.79,2023-03-04,2025-09-25
P000807,C00483,Home,4583.4,2023-02-22,2025-07-28
P000808,C00484,Auto,6087.37,2025-11-06,2026-12-31
P000809,C00484,Travel,5279.77,2025-07-28,2026-12-31
P000810,C00485,Health,9441.54,2024-12-05,2026-05-11
P000811,C00486,Travel,3663.09,2023-05-11,2024-10-25
P000812,C00486,Health,7039.4,2021-03-06,2022-07-31
P000813,C00487,Travel,1431.42,2025-08-02,2026-12-31
P000814,C00487,Life,6464.71,2025-09-19,2026-12-31
P000815,C00487,Life,7989.8,2025-08-18,2026-12-27
P000816,C00488,Travel,5865.99,2025-04-21,2026-12-31
P000817,C00489,Health,6832.0,2025-07-30,2026-12-31
P000818,C00489,Travel,1019.78,2025-08-21,2026-06-26
P000819,C00490,Health,8189.56,2025-11-19,2026-12-31
P000820,C00490,Life,7817.17,2025-09-13,2026-12-31
P000821,C00491,Auto,5417.19,2023-10-12,2025-03-24
P000822,C00492,Auto,1345.59,2024-06-18,2026-02-19
P000823,C00493,Travel,1987.03,2025-10-02,2026-12-31
P000824,C00494,Travel,3243.97,2021-04-20,2022-03-04
P000825,C00494,Health,7332.4,2022-09-27,2025-07-22
P000826,C00494,Life,8455.78,2023-03-21,2024-04-04
P000827,C00495,Home,2654.21,2023-04-05,2024-12-19
P000828,C00495,Life,7922.26,2024-09-15,2025-08-05
P000829,C00495,Travel,6465.61,2021-12-21,2024-09-26
P000830,C00496,Auto,2648.44,2024-03-14,2024-11-23
P000831,C00496,Auto,2722.27,2023-11-04,2024-10-07
P000832,C00497,Auto,3410.79,2023-12-28,2026-06-23
P000833,C00497,Life,4561.32,2022-04-20,2024-05-27
P000834,C00497,Auto,8631.29,2024-01-17,2025-09-03
P000835,C00498,Auto,3023.08,2024-03-11,2025-04-24
P000836,C00499,Home,4922.13,2024-02-29,2025-11-08
P000837,C00500,Home,3903.08,2024-05-25,2026-05-24
P000838,C00501,Health,9057.22,2024-09-23,2025-11-29
P000839,C00501,Auto,5092.32,2025-10-17,2026-12-09
P000840,C00501,Auto,8114.62,2023-09-21,2024-06-30
P000841,C00502,Life,8659.0,2024-06-28,2025-09-03
P000842,C00502,Life,7770.07,2025-01-08,2025-07-09
P000843,C00503,Life,4083.2,2023-05-31,2026-05-27
P000844,C00503,Life,9306.54,2025-06-06,2026-12-31
P000845,C00505,Home,9152.93,2022-01-30,2024-05-06
P000846,C00505,Home,8727.22,2023-05-30,2024-01-11
P000847,C00507,Home,6666.96,2025-09-18,2026-05-28
P000848,C00507,Auto,3545.35,2025-11-21,2026-12-31
P000849,C00507,Auto,1723.17,2025-09-24,2026-12-31
P000850,C00508,Auto,5908.68,2024-01-16,2024-09-28
P000851,C00508,Travel,8213.69,2023-11-08,2025-05-22
P000852,C00508,Home,1187.7,2025-04-22,2026-12-31
P000853,C00510,Auto,2807.98,2023-09-22,2026-04-21
P000854,C00510,Life,4947.35,2025-09-23,2026-12-31
P000855,C00511,Life,5334.95,2025-08-07,2026-07-29
P000856,C00511,Life,9364.24,2025-06-03,2026-12-31
P000857,C00512,Health,8579.08,2022-03-20,2024-02-07
P000858,C00512,Home,1218.49,2022-07-26,2023-10-19
P000859,C00513,Home,4642.45,2025-01-27,2026-03-31
P000860,C00513,Health,6886.69,2025-05-04,2026-12-31
P000861,C00514,Health,8432.09,2023-08-11,2026-05-26
P000862,C00514,Travel,4579.76,2024-07-11,2025-12-15
P000863,C00515,Travel,9495.58,2025-04-06,2026-06-05
P000864,C00516,Home,6007.5,2023-07-23,2024-05-28
P000865,C00516,Auto,3783.39,2024-07-06,2026-08-03
P000866,C00516,Health,2274.34,2024-05-17,2026-11-13
P000867,C00517,Health,4178.24,2023-07-13,2024-03-31
P000868,C00518,Home,6920.98,2021-08-28,2024-07-11
P000869,C00518,Auto,2084.26,2020-10-20,2022-03-12
P000870,C00518,Life,8723.63,2021-11-16,2022-06-06
P000871,C00520,Health,5731.56,2022-12-29,2023-08-17
P000872,C00520,Life,8030.29,2024-05-17,2025-05-22
P000873,C00520,Life,7460.65,2023-09-26,2025-12-04
P000874,C00521,Health,3200.74,2021-11-20,2024-06-11
P000875,C00522,Life,8443.13,2022-07-16,2024-01-10
P000876,C00522,Travel,8698.16,2021-07-28,2023-05-30
P000877,C00524,Health,1930.8,2023-04-09,2024-08-20
P000878,C00525,Home,7957.56,2023-08-15,2025-01-30
P000879,C00525,Health,4751.91,2025-06-13,2026-07-06
P000880,C00526,Life,5096.07,2024-03-04,2025-12-26
P000881,C00528,Health,4337.77,2022-09-28,2024-04-15
P000882,C00528,Auto,3195.58,2021-06-16,2022-07-07
P000883,C00529,Life,4186.94,2024-05-19,2026-07-30
P000884,C00529,Life,5456.56,2023-03-17,2023-11-25
P000885,C00530,Travel,5285.07,2025-11-30,2026-12-31
P000886,C00530,Health,5788.74,2025-11-06,2026-12-31
P000887,C00530,Home,4611.29,2025-12-06,2026-12-31
P000888,C00531,Travel,6712.95,2023-07-03,2025-10-23
P000889,C00531,Auto,1315.05,2023-05-31,2023-12-11
P000890,C00532,Health,1707.47,2025-12-07,2026-07-02
P000891,C00533,Travel,914.78,2025-02-27,2026-12-31
P000892,C00533,Home,2413.29,2024-06-13,2026-12-31
P000893,C00534,Auto,6808.96,2023-11-10,2025-02-07
P000894,C00534,Home,7343.17,2023-08-08,2024-10-13
P000895,C00534,Life,2317.14,2024-10-09,2026-12-31
P000896,C00536,Travel,5933.03,2025-07-04,2026-12-31
P000897,C00536,Home,7950.66,2025-12-04,2026-12-31
P000898,C00536,Health,1169.38,2025-10-06,2026-11-07
P000899,C00537,Auto,3185.34,2021-07-16,2024-06-04
P000900,C00538,Auto,9218.71,2024-02-02,2024-08-29
P000901,C00538,Health,1699.69,2023-01-07,2025-09-11
P000902,C00539,Home,940.83,2024-12-13,2026-12-31
P000903,C00539,Travel,1232.87,2024-11-08,2026-12-31
P000904,C00539,Health,2772.96,2023-11-30,2024-08-18
P000905,C00540,Life,5424.08,2025-11-11,2026-11-17
P000906,C00541,Travel,7502.1,2025-08-16,2026-12-31
P000907,C00541,Home,5245.88,2024-10-09,2025-11-02
P000908,C00541,Travel,8667.6,2025-03-31,2026-12-31
P000909,C00542,Travel,5088.63,2024-12-06,2025-12-06
P000910,C00542,Travel,7622.39,2025-04-28,2026-12-31
P000911,C00543,Home,6699.72,2024-06-12,2026-10-24
P000912,C00543,Auto,3584.7,2025-01-18,2026-07-07
P000913,C00543,Life,7826.64,2025-12-09,2026-12-31
P000914,C00544,Auto,4109.28,2024-02-20,2025-07-06
P000915,C00544,Life,1574.0,2024-03-18,2026-11-16
P000916,C00545,Life,5646.72,2021-07-27,2022-07-30
P000917,C00545,Auto,7475.94,2020-06-12,2023-03-07
P000918,C00547,Health,9372.88,2021-10-13,2023-03-10
P000919,C00547,Life,4140.06,2020-10-11,2023-09-12
P000920,C00547,Auto,2122.3,2022-08-11,2024-05-23
P000921,C00549,Life,5874.6,2025-06-29,2026-12-31
P000922,C00549,Life,5712.03,2025-10-23,2026-12-20
P000923,C00550,Home,3371.63,2024-05-17,2026-12-31
P000924,C00550,Travel,8663.59,2025-10-01,2026-12-31
P000925,C00550,Auto,5835.05,2024-02-03,2024-09-15
P000926,C00551,Auto,5666.84,2024-12-22,2025-10-21
P000927,C00552,Life,7110.87,2022-08-30,2025-03-27
P000928,C00552,Auto,8284.56,2022-01-19,2023-02-19
P000929,C00552,Home,5553.36,2024-04-10,2026-09-17
P000930,C00553,Life,5061.02,2025-01-11,2026-12-31
P000931,C00553,Home,8607.26,2024-02-28,2024-10-29
P000932,C00553,Life,3546.3,2025-04-19,2026-08-17
P000933,C00554,Auto,7343.55,2025-07-24,2026-12-31
P000934,C00554,Life,2308.93,2025-08-31,2026-07-15
P000935,C00557,Life,4169.25,2022-05-27,2024-10-09
P000936,C00557,Auto,3546.77,2023-08-15,2025-04-16
P000937,C00557,Auto,4586.67,2025-01-21,2026-03-02
P000938,C00558,Travel,7704.66,2025-08-16,2026-04-12
P000939,C00558,Health,1008.98,2025-07-27,2026-03-01
P000940,C00559,Health,5288.67,2025-09-06,2026-12-31
P000941,C00559,Health,9510.04,2024-11-12,2026-04-03
P000942,C00559,Health,1110.4,2025-08-03,2026-04-08
P000943,C00560,Life,2005.94,2024-08-26,2026-12-31
P000944,C00561,Health,1725.85,2024-01-22,2024-07-21
P000945,C00561,Travel,8933.64,2024-04-03,2025-11-23
P000946,C00561,Auto,8413.44,2023-02-01,2026-01-31
P000947,C00563,Auto,5502.65,2024-08-22,2025-04-04
P000948,C00564,Travel,9739.95,2022-07-05,2023-08-18
P000949,C00564,Health,3546.96,2023-03-30,2025-10-02
P000950,C00564,Health,6273.11,2024-01-09,2025-01-26
P000951,C00565,Life,7556.9,2022-03-28,2024-12-20
P000952,C00566,Home,5948.17,2025-02-02,2026-03-07
P000953,C00567,Travel,1266.73,2024-12-02,2026-12-31
P000954,C00568,Home,3050.75,2025-08-31,2026-12-31
P000955,C00569,Home,4264.63,2023-11-01,2026-04-13
P000956,C00569,Health,5369.47,2023-01-13,2024-07-28
P000957,C00569,Travel,7213.1,2021-10-03,2024-08-20
P000958,C00570,Life,5214.8,2023-08-12,2025-10-24
P000959,C00571,Life,9856.83,2025-06-22,2026-12-31
P000960,C00572,Auto,2724.89,2024-01-17,2025-07-24
P000961,C00573,Travel,2348.21,2025-05-20,2026-12-31
P000962,C00574,Travel,5389.36,2021-06-29,2023-10-05
P000963,C00574,Auto,5432.05,2021-05-07,2022-11-16
P000964,C00575,Health,2998.75,2022-09-16,2023-10-05
P000965,C00575,Home,2884.38,2021-12-06,2024-04-03
P000966,C00575,Auto,8492.73,2023-06-29,2025-07-13
P000967,C00577,Life,3219.46,2025-05-28,2026-12-31
P000968,C00577,Travel,2240.11,2025-06-27,2026-12-31
P000969,C00578,Travel,1085.28,2025-06-10,2026-12-31
P000970,C00578,Auto,7017.23,2025-01-04,2025-11-02
P000971,C00579,Home,5937.87,2022-04-30,2025-02-21
P000972,C00580,Home,5375.12,2025-04-27,2026-06-15
P000973,C00580,Health,6172.61,2025-04-22,2026-05-22
P000974,C00581,Home,5403.28,2024-01-31,2026-02-05
P000975,C00581,Auto,8707.57,2023-09-12,2024-04-30
P000976,C00582,Auto,6354.41,2023-04-27,2024-08-18
P000977,C00582,Auto,6704.8,2024-02-08,2024-10-12
P000978,C00582,Home,5507.91,2023-03-21,2025-08-09
P000979,C00583,Auto,2553.2,2020-06-25,2021-06-23
P000980,C00583,Life,718.95,2020-11-13,2021-11-13
P000981,C00583,Life,2661.57,2023-01-03,2025-09-13
P000982,C00584,Auto,1213.86,2023-10-27,2026-09-30
P000983,C00585,Life,8502.53,2023-11-09,2025-06-27
P000984,C00585,Travel,8418.95,2023-11-17,2025-08-09
P000985,C00586,Auto,3044.8,2022-09-08,2023-04-16
P000986,C00586,Home,9845.45,2022-11-21,2024-11-10
P000987,C00586,Life,9964.82,2023-12-17,2025-10-28
P000988,C00587,Home,4047.72,2024-01-28,2026-12-31
P000989,C00587,Home,6682.49,2024-02-15,2025-12-22
P000990,C00588,Travel,3693.52,2022-04-16,2024-08-15
P000991,C00588,Health,6034.4,2021-02-13,2021-09-11
P000992,C00589,Auto,5669.74,2022-03-28,2024-07-04
P000993,C00590,Home,1813.33,2025-09-19,2026-12-31
P000994,C00591,Health,8838.27,2024-10-24,2026-12-31
P000995,C00591,Life,8895.74,2025-07-17,2026-05-12
P000996,C00591,Travel,3700.05,2025-10-26,2026-12-31
P000997,C00593,Health,8578.02,2024-04-06,2025-08-07
P000998,C00593,Home,5310.33,2024-04-06,2026-01-01
P000999,C00594,Auto,2639.78,2022-01-13,2023-01-24
P001000,C00596,Health,9339.26,2024-11-02,2026-08-17
P001001,C00596,Auto,6289.94,2025-09-11,2026-12-31
P001002,C00596,Auto,2772.51,2025-09-01,2026-12-31
P001003,C00597,Auto,5305.19,2025-11-24,2026-09-14
P001004,C00597,Auto,3871.03,2025-10-27,2026-12-31
P001005,C00598,Health,6584.59,2025-04-27,2026-12-31
P001006,C00598,Travel,1633.08,2024-03-26,2026-06-22
P001007,C00598,Health,8484.21,2024-02-25,2025-03-13
P001008,C00599,Auto,8392.29,2024-05-11,2026-02-17
P001009,C00600,Life,6113.7,2025-08-31,2026-11-11
P001010,C00601,Health,7905.55,2022-07-10,2025-01-07
P001011,C00601,Home,7187.4,2021-01-12,2022-06-25
P001012,C00602,Home,8628.09,2025-01-27,2026-10-08
P001013,C00602,Travel,6918.62,2024-12-26,2026-08-18
P001014,C00602,Auto,8304.59,2025-01-04,2025-07-06
P001015,C00603,Health,3280.38,2024-02-14,2026-03-17
P001016,C00603,Health,8296.09,2023-04-23,2023-10-30
P001017,C00604,Home,6412.01,2020-11-12,2023-01-28
P001018,C00604,Home,6017.57,2022-09-14,2024-10-24
P001019,C00605,Home,7475.58,2024-06-21,2025-02-14
P001020,C00607,Life,5578.27,2024-08-22,2026-05-20
P001021,C00607,Auto,8333.95,2025-07-16,2026-01-19
P001022,C00608,Health,8479.98,2021-11-03,2023-10-01
P001023,C00609,Auto,8925.95,2025-08-15,2026-12-31
P001024,C00609,Life,2697.48,2025-07-13,2026-05-24
P001025,C00609,Life,2178.48,2025-05-10,2026-12-31
P001026,C00610,Auto,8486.01,2023-12-15,2026-02-24
P001027,C00611,Health,2506.48,2025-11-16,2026-12-31
P001028,C00611,Health,8485.73,2025-11-22,2026-12-31
P001029,C00611,Home,6566.17,2025-11-28,2026-12-31
P001030,C00612,Health,2300.16,2024-09-24,2026-12-31
P001031,C00613,Life,3799.23,2022-11-02,2025-06-09
P001032,C00614,Health,4684.13,2025-10-01,2026-12-31
P001033,C00614,Life,5141.75,2025-11-28,2026-07-04
P001034,C00615,Life,8459.8,2022-03-29,2024-04-04
P001035,C00616,Auto,6421.49,2025-08-11,2026-12-31
P001036,C00616,Auto,4775.23,2025-08-12,2026-12-31
P001037,C00616,Travel,2064.82,2025-09-19,2026-12-31
P001038,C00618,Health,7011.68,2024-12-22,2026-12-31
P001039,C00618,Travel,8959.46,2025-09-20,2026-09-12
P001040,C00618,Life,8175.41,2025-06-26,2026-12-31
P001041,C00620,Health,6601.64,2025-12-15,2026-10-15
P001042,C00622,Health,6876.6,2022-07-30,2023-04-16
P001043,C00622,Auto,8439.94,2020-05-03,2021-05-30
P001044,C00622,Travel,2158.8,2021-06-28,2022-11-22
P001045,C00624,Auto,9375.56,2025-12-20,2026-12-31
P001046,C00624,Travel,3035.54,2025-12-15,2026-12-31
P001047,C00624,Home,6341.58,2025-12-20,2026-12-31
P001048,C00625,Auto,7598.63,2020-09-01,2022-02-21
P001049,C00625,Health,5910.45,2021-04-28,2023-02-22
P001050,C00625,Life,6133.36,2022-08-09,2023-07-01
P001051,C00626,Life,8525.52,2020-09-01,2023-03-16
P001052,C00626,Home,7257.03,2022-12-24,2024-10-14
P001053,C00626,Life,5823.79,2020-08-02,2022-09-10
P001054,C00627,Home,5055.43,2022-07-09,2024-11-21
P001055,C00627,Travel,3603.55,2022-06-22,2022-12-27
P001056,C00627,Auto,1187.58,2023-09-27,2026-06-16
P001057,C00628,Auto,4545.98,2021-11-02,2022-12-04
P001058,C00629,Health,550.82,2024-12-05,2025-06-21
P001059,C00630,Life,7221.59,2025-08-19,2026-12-31
P001060,C00630,Home,9616.14,2025-07-20,2026-07-22
P001061,C00632,Travel,9188.86,2021-02-15,2023-11-29
P001062,C00632,Home,2057.35,2021-06-28,2023-06-17
P001063,C00633,Auto,6194.59,2025-11-13,2026-11-06
P001064,C00633,Travel,3375.08,2025-07-12,2026-12-31
P001065,C00634,Health,8245.87,2022-02-13,2024-03-21
P001066,C00635,Travel,6862.0,2025-08-19,2026-08-03
P001067,C00636,Auto,2366.19,2025-12-06,2026-08-12
P001068,C00637,Life,7276.56,2024-02-08,2025-05-01
P001069,C00637,Auto,3184.14,2025-04-12,2026-12-31
P001070,C00637,Travel,7330.72,2024-09-15,2026-05-28
P001071,C00639,Travel,3675.05,2024-07-13,2026-12-31
P001072,C00641,Travel,5423.07,2025-07-01,2026-12-31
P001073,C00641,Home,8852.44,2025-04-10,2026-12-31
P001074,C00641,Life,8598.09,2024-09-15,2025-04-22
P001075,C00642,Life,5714.86,2025-03-05,2026-12-31
P001076,C00643,Life,7407.75,2024-04-16,2026-03-11
P001077,C00645,Home,2272.5,2022-11-13,2025-08-13
P001078,C00645,Travel,9870.32,2021-02-09,2021-08-31
P001079,C00646,Travel,9911.77,2021-08-21,2023-01-07
P001080,C00649,Health,6343.37,2023-02-03,2024-08-12
P001081,C00649,Travel,6073.14,2024-06-11,2025-07-12
P001082,C00649,Life,5884.66,2024-11-12,2026-07-29
P001083,C00651,Auto,5788.96,2024-01-31,2026-03-03
P001084,C00652,Travel,4650.17,2022-11-05,2024-01-25
P001085,C00654,Travel,2003.72,2024-11-20,2026-10-02
P001086,C00654,Health,4975.3,2023-10-25,2026-05-02
P001087,C00657,Travel,6338.14,2022-08-04,2025-07-16
P001088,C00658,Travel,629.58,2021-07-08,2023-01-29
P001089,C00659,Home,3309.65,2024-08-04,2026-12-31
P001090,C00659,Auto,4399.97,2024-02-22,2026-07-26
P001091,C00661,Auto,3253.87,2025-10-08,2026-12-31
P001092,C00662,Health,3505.57,2023-08-24,2025-04-22
P001093,C00662,Auto,3785.37,2025-11-27,2026-12-13
P001094,C00664,Life,7617.0,2025-12-16,2026-08-16
P001095,C00664,Auto,8777.01,2025-12-12,2026-12-31
P001096,C00664,Home,2630.6,2025-12-09,2026-12-31
P001097,C00665,Auto,4843.69,2022-03-09,2023-02-17
P001098,C00666,Travel,8315.16,2023-05-30,2025-03-22
P001099,C00667,Travel,4301.48,2025-07-20,2026-12-31
P001100,C00667,Life,4694.57,2025-05-19,2026-12-31
P001101,C00667,Travel,9835.46,2025-08-13,2026-11-19
P001102,C00668,Auto,3583.26,2023-02-23,2024-01-31
P001103,C00668,Home,924.28,2024-03-30,2025-08-24
P001104,C00668,Health,8205.33,2022-10-30,2025-08-22
P001105,C00669,Life,5606.19,2023-04-04,2025-08-26
P001106,C00669,Health,2825.6,2020-12-26,2021-06-24
P001107,C00669,Travel,1580.74,2022-11-17,2025-09-16
P001108,C00670,Home,3502.04,2025-10-14,2026-12-31
P001109,C00670,Health,1505.1,2025-08-11,2026-04-14
P001110,C00671,Home,8307.11,2024-02-16,2025-12-07
P001111,C00672,Health,1657.95,2022-06-22,2025-05-24
P001112,C00673,Auto,6654.31,2021-11-27,2023-08-13
P001113,C00673,Health,9091.62,2021-06-24,2024-06-20
P001114,C00673,Auto,9353.17,2023-10-04,2024-09-19
P001115,C00674,Auto,6228.63,2023-12-31,2026-04-17
P001116,C00675,Auto,8859.33,2025-11-03,2026-12-31
P001117,C00675,Auto,7751.42,2025-12-20,2026-12-31
P001118,C00676,Home,9030.03,2022-11-06,2024-06-30
P001119,C00677,Travel,4493.19,2020-03-03,2022-01-21
P001120,C00678,Life,2962.55,2021-12-01,2024-06-01
P001121,C00678,Life,9191.15,2021-04-09,2022-02-04
P001122,C00680,Travel,7237.22,2025-11-02,2026-12-31
P001123,C00681,Life,2587.37,2024-12-20,2025-09-16
P001124,C00681,Travel,7947.55,2024-07-05,2026-01-29
P001125,C00681,Travel,1801.33,2024-07-19,2026-03-28
P001126,C00683,Auto,1609.64,2023-04-17,2025-03-10
P001127,C00684,Home,3277.71,2025-02-16,2026-10-23
P001128,C00684,Auto,7029.19,2025-04-21,2026-12-31
P001129,C00685,Home,7687.12,2025-12-17,2026-12-31
P001130,C00686,Life,1036.59,2020-09-16,2023-05-22
P001131,C00687,Home,2601.76,2025-08-30,2026-12-31
P001132,C00687,Auto,8131.0,2025-10-16,2026-12-31
P001133,C00688,Auto,5229.76,2023-12-27,2024-07-14
P001134,C00688,Auto,4399.8,2025-02-21,2026-01-14
P001135,C00689,Home,2662.51,2025-10-16,2026-12-31
P001136,C00689,Life,3858.04,2025-10-29,2026-12-31
P001137,C00689,Health,1538.15,2025-11-11,2026-12-31
P001138,C00690,Auto,3056.0,2023-08-28,2026-08-10
P001139,C00690,Health,4840.92,2023-07-16,2024-01-23
P001140,C00690,Life,4784.37,2023-12-06,2024-06-28
P001141,C00691,Life,4980.28,2023-10-30,2025-12-24
P001142,C00691,Health,1571.57,2023-07-18,2025-05-29
P001143,C00692,Travel,7851.11,2025-11-19,2026-05-29
P001144,C00693,Travel,5066.16,2023-08-16,2024-08-25
P001145,C00693,Home,2942.63,2024-04-08,2026-12-04
P001146,C00693,Travel,9673.71,2025-06-17,2026-12-31
P001147,C00694,Health,8292.63,2024-09-12,2026-12-31
P001148,C00696,Health,7460.87,2024-07-26,2026-12-31
P001149,C00696,Health,2874.61,2025-03-10,2025-12-01
P001150,C00696,Auto,4012.51,2024-12-31,2026-12-31
P001151,C00697,Health,7887.96,2025-11-19,2026-12-31
P001152,C00698,Home,6776.91,2024-02-28,2025-12-02
P001153,C00698,Auto,2682.17,2025-11-14,2026-08-15
P001154,C00699,Home,6065.7,2025-10-29,2026-11-20
P001155,C00699,Travel,9177.72,2025-12-11,2026-12-31
P001156,C00700,Health,2851.86,2021-05-18,2022-07-25
P001157,C00700,Health,950.45,2023-03-24,2024-08-16
P001158,C00701,Auto,2376.0,2024-12-13,2026-04-19
P001159,C00701,Auto,3399.54,2023-12-11,2026-09-03
P001160,C00701,Home,3164.4,2024-12-26,2026-10-01
P001161,C00702,Health,8041.99,2024-06-28,2026-01-31
P001162,C00702,Life,9857.03,2025-12-12,2026-12-31
P001163,C00702,Travel,2991.9,2023-11-17,2025-07-02
P001164,C00703,Health,5887.72,2020-08-08,2022-01-23
P001165,C00704,Home,6973.88,2025-11-24,2026-12-31
P001166,C00704,Travel,9656.27,2023-08-19,2026-05-30
P001167,C00706,Auto,4326.37,2025-09-01,2026-12-31
P001168,C00706,Health,7232.47,2023-08-16,2024-12-25
P001169,C00707,Life,3548.89,2022-05-11,2024-01-20
P001170,C00707,Auto,8326.12,2022-03-16,2024-12-08
P001171,C00708,Life,2221.88,2025-12-14,2026-12-31
P001172,C00708,Life,6940.0,2025-11-18,2026-12-31
P001173,C00708,Auto,5168.37,2025-11-02,2026-05-19
P001174,C00709,Life,1527.61,2023-08-13,2024-08-01
P001175,C00710,Auto,2389.47,2025-12-08,2026-12-31
P001176,C00711,Health,3237.45,2022-03-15,2025-02-18
P001177,C00711,Life,883.09,2022-01-05,2024-01-17
P001178,C00711,Health,517.21,2021-08-03,2023-12-25
P001179,C00712,Home,1918.05,2025-12-18,2026-12-31
P001180,C00713,Home,3965.77,2023-03-09,2024-01-04
P001181,C00713,Auto,3682.58,2025-03-11,2026-06-06
P001182,C00713,Travel,3251.04,2023-03-12,2025-09-29
P001183,C00714,Life,9343.53,2023-06-28,2026-06-02
P001184,C00714,Travel,7824.86,2021-10-08,2022-10-24
P001185,C00714,Health,3401.43,2022-09-29,2024-08-21
P001186,C00715,Travel,9032.18,2022-06-08,2025-01-17
P001187,C00715,Home,1508.19,2022-03-13,2024-12-02
P001188,C00716,Travel,7467.32,2021-12-18,2023-03-10
P001189,C00716,Travel,9029.06,2023-08-21,2025-08-15
P001190,C00716,Health,3915.66,2022-01-27,2024-08-02
P001191,C00717,Home,2428.44,2023-10-18,2026-05-17
P001192,C00717,Travel,6109.05,2022-11-13,2023-09-09
P001193,C00717,Travel,7176.01,2021-10-20,2024-06-25
P001194,C00718,Life,7246.65,2025-04-21,2026-12-31
P001195,C00719,Travel,4805.99,2025-08-30,2026-12-31
P001196,C00719,Travel,6844.16,2025-09-07,2026-12-31
P001197,C00720,Home,8128.56,2023-10-12,2026-03-01
P001198,C00720,Home,2848.45,2023-03-10,2026-02-11
P001199,C00720,Health,9819.78,2024-01-11,2026-10-02
P001200,C00722,Life,7704.83,2020-04-16,2021-03-20
P001201,C00723,Auto,6742.63,2023-10-30,2025-07-17
P001202,C00723,Health,7112.3,2022-06-22,2023-10-18
P001203,C00723,Life,1161.64,2022-05-28,2023-10-23
P001204,C00724,Auto,5342.49,2025-12-01,2026-12-31
P001205,C00724,Travel,751.25,2025-09-12,2026-12-31
P001206,C00725,Life,3629.09,2021-01-11,2023-04-17
P001207,C00726,Home,9081.36,2024-09-06,2026-12-01
P001208,C00726,Travel,9709.67,2024-04-22,2026-12-31
P001209,C00727,Travel,5448.3,2025-11-20,2026-12-31
P001210,C00727,Travel,6622.02,2025-11-27,2026-12-31
P001211,C00728,Auto,2960.83,2020-09-11,2023-05-31
P001212,C00728,Travel,883.14,2022-03-14,2024-03-21
P001213,C00729,Life,5331.12,2025-10-26,2026-12-31
P001214,C00729,Auto,777.12,2025-11-15,2026-12-31
P001215,C00730,Life,8735.94,2025-10-31,2026-12-31
P001216,C00730,Life,1501.27,2025-04-29,2026-12-31
P001217,C00731,Health,4691.68,2022-10-20,2023-06-28
P001218,C00732,Home,5806.91,2025-09-05,2026-12-31
P001219,C00732,Travel,8129.22,2025-12-07,2026-12-31
P001220,C00734,Life,3685.71,2024-10-05,2025-12-18
P001221,C00734,Life,2054.43,2025-03-08,2026-04-09
P001222,C00738,Home,8783.86,2022-12-30,2025-01-06
P001223,C00739,Life,8424.32,2025-10-15,2026-12-31
P001224,C00739,Home,8417.09,2025-09-16,2026-06-03
P001225,C00740,Travel,991.01,2024-11-18,2025-11-13
P001226,C00740,Health,3936.82,2024-09-11,2026-12-31
P001227,C00740,Travel,7187.18,2024-06-21,2026-02-11
P001228,C00741,Life,1985.15,2025-12-08,2026-12-31
P001229,C00741,Health,7563.67,2025-05-21,2026-12-31
P001230,C00742,Auto,3134.79,2023-10-06,2025-12-03
P001231,C00742,Life,5391.81,2023-11-10,2025-07-04
P001232,C00742,Home,8381.85,2022-11-14,2024-05-17
P001233,C00743,Home,3665.8,2024-09-18,2025-09-04
P001234,C00743,Travel,1351.5,2024-12-21,2025-12-14
P001235,C00743,Life,7987.52,2025-11-14,2026-12-31
P001236,C00744,Travel,5240.84,2025-12-20,2026-12-31
P001237,C00745,Auto,3885.48,2025-10-24,2026-12-31
P001238,C00745,Travel,2794.31,2025-10-18,2026-12-31
P001239,C00746,Health,3768.72,2024-09-02,2026-12-31
P001240,C00746,Life,1768.4,2025-12-19,2026-12-31
P001241,C00746,Life,7726.7,2024-09-24,2025-11-29
P001242,C00748,Auto,609.5,2025-09-18,2026-12-31
P001243,C00749,Life,7130.73,2025-06-14,2026-12-31
P001244,C00749,Health,788.61,2023-08-01,2024-08-22
P001245,C00749,Health,8693.12,2025-04-13,2025-10-17
P001246,C00750,Home,710.28,2025-07-04,2026-12-31
P001247,C00751,Life,2464.95,2025-10-28,2026-11-18
P001248,C00751,Auto,2206.76,2025-10-26,2026-12-31
P001249,C00751,Health,7963.83,2025-10-31,2026-09-17
P001250,C00753,Travel,9477.36,2025-06-20,2026-12-31
P001251,C00754,Health,2435.87,2025-08-23,2026-12-31
P001252,C00754,Health,5560.51,2025-09-26,2026-12-31
P001253,C00754,Travel,4649.38,2025-08-22,2026-10-20
P001254,C00756,Auto,1029.62,2024-10-14,2026-02-05
P001255,C00756,Life,7196.66,2024-10-31,2026-12-31
P001256,C00756,Auto,6709.74,2024-11-14,2026-04-30
P001257,C00757,Travel,1548.89,2025-07-18,2026-12-31
P001258,C00757,Travel,838.03,2025-07-25,2026-12-31
P001259,C00757,Travel,671.36,2025-05-14,2026-12-31
P001260,C00758,Travel,1782.86,2022-03-28,2023-09-30
P001261,C00758,Life,3231.73,2023-02-06,2024-11-23
P001262,C00759,Health,2116.36,2025-12-15,2026-12-31
P001263,C00759,Auto,6818.64,2024-04-09,2025-08-08
P001264,C00760,Travel,3921.54,2024-10-25,2026-12-31
P001265,C00760,Travel,8898.72,2025-07-10,2026-12-08
P001266,C00760,Auto,959.76,2023-12-22,2026-10-05
P001267,C00761,Life,4844.51,2025-12-10,2026-12-31
P001268,C00762,Travel,6782.92,2023-02-20,2025-12-09
P001269,C00763,Health,5534.01,2024-11-15,2025-05-21
P001270,C00763,Health,9140.78,2024-07-12,2025-06-05
P001271,C00763,Health,5981.19,2023-08-24,2025-08-27
P001272,C00765,Home,7474.03,2021-08-16,2023-08-30
P001273,C00766,Life,6150.91,2025-12-14,2026-12-31
P001274,C00767,Home,1597.42,2025-05-06,2026-12-31
P001275,C00767,Travel,3895.96,2025-10-21,2026-12-31
P001276,C00770,Auto,6140.2,2025-02-04,2026-12-31
P001277,C00770,Health,2120.04,2025-05-07,2026-02-03
P001278,C00771,Home,5110.17,2025-08-28,2026-12-31
P001279,C00771,Travel,3488.52,2024-05-21,2025-08-03
P001280,C00771,Health,4183.76,2023-05-14,2025-11-10
P001281,C00772,Auto,1163.69,2024-01-24,2026-06-28
P001282,C00772,Home,3772.81,2025-02-17,2026-12-31
P001283,C00772,Auto,7800.0,2023-07-11,2025-06-27
P001284,C00773,Health,8144.1,2023-02-25,2024-12-14
P001285,C00774,Health,5374.23,2023-12-17,2024-09-26
P001286,C00774,Home,590.62,2023-05-09,2025-10-27
P001287,C00774,Travel,7532.97,2022-07-19,2024-11-15
P001288,C00775,Health,3984.66,2023-07-15,2024-07-21
P001289,C00775,Auto,5222.35,2021-12-17,2023-10-22
P001290,C00775,Auto,8854.27,2023-01-05,2023-08-02
P001291,C00777,Health,1970.75,2025-03-12,2025-12-21
P001292,C00777,Travel,4523.64,2024-05-28,2026-07-15
P001293,C00778,Home,7710.77,2020-08-29,2022-06-01
P001294,C00778,Travel,1471.13,2021-11-16,2024-03-30
P001295,C00779,Life,6546.07,2022-05-04,2024-12-09
P001296,C00779,Travel,3781.88,2023-02-04,2023-11-06
P001297,C00779,Auto,2604.19,2021-05-15,2022-08-12
P001298,C00780,Life,8185.29,2024-10-01,2025-11-21
P001299,C00781,Life,6240.47,2025-11-01,2026-12-31
P001300,C00781,Travel,5692.94,2025-07-12,2026-12-06
P001301,C00781,Travel,9308.46,2024-10-29,2025-08-02
P001302,C00782,Travel,2371.06,2024-09-01,2026-12-11
P001303,C00783,Auto,4028.9,2025-11-17,2026-06-28
P001304,C00783,Home,2433.59,2024-08-31,2026-05-20
P001305,C00783,Auto,4620.38,2023-12-22,2024-10-05
P001306,C00784,Auto,624.23,2024-07-23,2025-09-18
P001307,C00784,Auto,8201.94,2024-10-16,2025-07-09
P001308,C00785,Auto,825.48,2021-03-31,2023-02-24
P001309,C00785,Auto,6142.44,2021-05-08,2023-04-30
P001310,C00786,Home,9989.54,2024-12-02,2026-09-27
P001311,C00787,Auto,6062.12,2025-11-25,2026-12-31
P001312,C00788,Auto,5475.71,2022-09-13,2023-06-20
P001313,C00788,Home,613.03,2022-07-06,2023-12-20
P001314,C00789,Life,1100.03,2021-01-15,2021-10-11
P001315,C00789,Life,4865.21,2023-10-07,2025-03-01
P001316,C00790,Health,6657.39,2025-11-25,2026-09-02
P001317,C00791,Life,7374.02,2025-10-05,2026-12-31
P001318,C00792,Auto,8412.85,2021-11-13,2023-09-05
P001319,C00792,Health,800.39,2022-07-31,2025-07-29
P001320,C00794,Travel,7157.21,2025-10-14,2026-12-31
P001321,C00795,Home,6422.21,2025-11-05,2026-12-31
P001322,C00796,Auto,3198.99,2022-01-21,2024-05-13
P001323,C00798,Home,4165.66,2020-12-27,2022-09-15
P001324,C00798,Auto,1259.83,2023-03-07,2025-11-06
P001325,C00799,Auto,7473.7,2024-11-13,2026-12-31
P001326,C00801,Life,9349.87,2025-07-14,2026-11-30
P001327,C00802,Health,2148.94,2025-12-15,2026-12-31
P001328,C00803,Home,4157.98,2021-11-28,2023-12-26
P001329,C00803,Travel,8157.11,2023-01-17,2024-05-14
P001330,C00803,Auto,6108.62,2021-08-02,2024-06-30
P001331,C00804,Travel,4286.31,2023-12-25,2026-01-31
P001332,C00805,Life,5784.25,2025-06-03,2026-12-31
P001333,C00806,Auto,1555.1,2025-09-18,2026-08-07
P001334,C00806,Home,3836.82,2025-05-05,2026-07-28
P001335,C00806,Auto,2053.77,2025-10-22,2026-08-13
P001336,C00807,Travel,1611.93,2022-08-22,2024-03-15
P001337,C00808,Auto,9010.21,2022-06-28,2025-05-06
P001338,C00808,Auto,7308.0,2022-05-26,2025-04-09
P001339,C00808,Auto,5253.17,2023-07-16,2025-09-26
P001340,C00809,Travel,7754.35,2025-07-04,2026-04-02
P001341,C00809,Auto,5745.53,2025-07-30,2026-12-31
P001342,C00810,Auto,1667.66,2024-02-09,2026-10-23
P001343,C00810,Life,846.94,2024-01-26,2026-03-07
P001344,C00811,Travel,7714.57,2025-08-14,2026-12-31
P001345,C00812,Travel,6459.51,2025-05-21,2026-12-31
P001346,C00812,Auto,4458.6,2025-01-02,2026-02-01
P001347,C00812,Health,6042.51,2025-02-14,2026-12-31
P001348,C00813,Auto,9463.87,2024-08-04,2025-02-26
P001349,C00813,Travel,6050.14,2023-09-24,2025-08-06
P001350,C00813,Health,5948.25,2025-10-13,2026-12-31
P001351,C00814,Auto,680.91,2023-09-17,2025-09-02
P001352,C00815,Health,6699.83,2025-07-24,2026-12-31
P001353,C00818,Home,4687.27,2024-06-12,2025-08-30
P001354,C00819,Home,1495.24,2024-04-10,2025-12-27
P001355,C00819,Auto,8437.87,2024-05-16,2026-12-14
P001356,C00819,Life,7104.68,2025-05-04,2026-12-31
P001357,C00820,Travel,7072.55,2022-06-26,2023-01-19
P001358,C00820,Travel,2630.45,2023-10-17,2025-09-06
P001359,C00820,Life,5821.63,2022-03-05,2023-12-31
P001360,C00821,Travel,8265.42,2021-08-14,2022-10-01
P001361,C00821,Health,9184.49,2024-02-19,2026-12-21
P001362,C00821,Auto,569.09,2022-12-22,2024-12-26
P001363,C00822,Home,1446.81,2025-04-13,2026-11-12
P001364,C00822,Life,9814.47,2024-04-23,2025-12-11
P001365,C00823,Health,992.88,2023-02-23,2025-07-24
P001366,C00823,Home,3968.29,2024-03-05,2024-09-21
P001367,C00823,Home,7676.65,2024-02-02,2026-09-01
P001368,C00824,Travel,6472.85,2025-04-24,2026-01-06
P001369,C00824,Auto,7456.76,2025-05-05,2026-08-09
P001370,C00824,Auto,685.46,2025-08-28,2026-11-20
P001371,C00825,Travel,8377.23,2025-03-14,2026-12-31
P001372,C00825,Home,5507.17,2025-02-21,2026-01-13
P001373,C00826,Health,1996.26,2022-07-26,2023-02-15
P001374,C00826,Health,1672.9,2021-10-31,2022-07-24
P001375,C00826,Travel,2660.51,2022-12-28,2025-12-19
P001376,C00828,Home,1336.06,2022-12-11,2024-04-09
P001377,C00828,Health,3477.01,2025-01-03,2026-12-31
P001378,C00828,Health,8703.98,2023-09-18,2026-02-13
P001379,C00829,Life,7924.47,2025-07-23,2026-07-10
P001380,C00829,Auto,5981.11,2025-10-27,2026-12-31
P001381,C00830,Auto,5865.78,2025-07-28,2026-10-30
P001382,C00830,Auto,6626.61,2024-06-22,2026-07-21
P001383,C00831,Home,2324.32,2024-03-21,2026-12-31
P001384,C00832,Travel,5789.72,2023-08-07,2024-10-09
P001385,C00832,Life,5720.15,2024-03-26,2025-02-05
P001386,C00832,Health,4242.79,2024-04-13,2026-12-01
P001387,C00834,Home,7344.12,2025-04-16,2026-12-31
P001388,C00835,Life,7717.35,2023-01-23,2024-01-10
P001389,C00835,Life,6313.09,2024-04-06,2026-05-11
P001390,C00835,Life,9454.79,2023-01-24,2025-03-03
P001391,C00836,Travel,2435.32,2024-01-17,2026-12-28
P001392,C00836,Home,3312.62,2023-07-13,2026-05-12
P001393,C00837,Travel,5846.72,2024-05-28,2026-12-31
P001394,C00839,Health,4642.46,2022-05-29,2023-01-24
P001395,C00839,Health,4321.94,2022-09-21,2023-04-05
P001396,C00840,Health,3223.28,2023-07-04,2025-12-26
P001397,C00841,Health,9187.35,2025-08-24,2026-12-31
P001398,C00841,Life,6359.76,2025-06-05,2026-12-31
P001399,C00842,Auto,3089.3,2025-11-20,2026-12-31
P001400,C00842,Home,3402.98,2025-12-16,2026-09-08
P001401,C00843,Home,8175.67,2025-11-29,2026-12-31
P001402,C00843,Travel,894.24,2025-09-03,2026-06-21
P001403,C00844,Health,706.52,2023-05-13,2025-04-22
P001404,C00844,Health,7172.97,2024-03-11,2026-12-03
P001405,C00845,Travel,9772.67,2025-10-06,2026-12-23
P001406,C00845,Health,785.19,2023-07-31,2024-07-16
P001407,C00846,Home,9921.14,2025-11-27,2026-12-31
P001408,C00846,Life,887.46,2025-12-17,2026-12-31
P001409,C00847,Health,3898.96,2025-12-18,2026-12-31
P001410,C00847,Life,9263.74,2025-11-09,2026-12-31
P001411,C00848,Auto,3123.13,2025-11-06,2026-12-31
P001412,C00849,Auto,3029.22,2024-03-23,2025-12-09
P001413,C00849,Life,4014.99,2024-08-20,2026-04-18
P001414,C00849,Home,7751.21,2025-04-04,2026-12-06
P001415,C00850,Travel,3642.53,2024-08-14,2026-11-24
P001416,C00850,Travel,1813.2,2024-01-31,2026-11-01
P001417,C00850,Home,2645.87,2023-01-06,2023-07-09
P001418,C00851,Auto,1469.71,2021-03-02,2021-12-30
P001419,C00852,Travel,8785.01,2025-02-18,2026-12-31
P001420,C00852,Home,7829.93,2023-12-23,2025-02-25
P001421,C00854,Auto,9340.03,2025-03-13,2026-12-31
P001422,C00854,Travel,5184.23,2025-09-28,2026-12-31
P001423,C00854,Travel,8126.27,2025-02-17,2026-10-23
P001424,C00855,Life,5018.72,2021-07-01,2022-11-13
P001425,C00855,Life,9408.76,2021-12-03,2023-07-08
P001426,C00855,Travel,4944.57,2022-09-13,2025-04-19
P001427,C00856,Health,8983.51,2025-03-22,2026-02-24
P001428,C00857,Home,2874.99,2025-01-09,2026-12-31
P001429,C00858,Home,2896.65,2024-07-03,2026-03-04
P001430,C00859,Auto,8036.33,2025-02-19,2026-12-31
P001431,C00860,Auto,2384.54,2021-11-27,2022-07-24
P001432,C00860,Travel,7472.24,2022-12-09,2024-06-10
P001433,C00860,Health,1098.23,2021-04-15,2023-06-10
P001434,C00861,Auto,5222.96,2022-09-29,2025-08-24
P001435,C00861,Home,2106.49,2021-07-07,2022-12-21
P001436,C00862,Travel,3523.42,2024-09-29,2026-10-07
P001437,C00862,Health,1528.15,2023-07-01,2024-06-06
P001438,C00862,Health,9620.11,2025-07-29,2026-08-18
P001439,C00863,Life,3810.84,2021-09-30,2023-04-11
P001440,C00864,Travel,787.79,2025-04-19,2026-12-31
P001441,C00865,Home,2398.79,2023-05-10,2024-06-21
P001442,C00865,Travel,554.82,2023-10-18,2025-02-15
P001443,C00866,Auto,6923.35,2025-03-09,2026-12-31
P001444,C00867,Life,2655.42,2023-05-02,2024-02-25
P001445,C00867,Health,8401.7,2022-11-20,2025-06-25
P001446,C00868,Health,8453.58,2022-12-09,2024-03-16
P001447,C00868,Home,1953.9,2020-06-01,2022-09-10
P001448,C00868,Home,6193.29,2021-08-27,2023-10-01
P001449,C00869,Auto,7157.77,2023-09-07,2025-07-18
P001450,C00869,Home,2795.06,2023-08-31,2026-03-06
P001451,C00870,Life,6498.09,2024-12-25,2026-07-24
P001452,C00870,Life,9152.55,2023-12-12,2025-11-26
P001453,C00871,Auto,6098.04,2020-10-06,2023-03-06
P001454,C00871,Home,9044.8,2021-12-24,2024-09-22
P001455,C00872,Home,2932.84,2022-10-15,2023-04-23
P001456,C00872,Life,7695.89,2021-08-23,2022-11-04
P001457,C00872,Auto,8076.42,2021-12-14,2024-05-18
P001458,C00874,Travel,4437.57,2025-04-29,2026-12-31
P001459,C00874,Life,5378.23,2025-01-04,2026-06-09
P001460,C00874,Auto,4755.76,2025-02-17,2026-12-22
P001461,C00877,Home,6518.59,2023-07-24,2026-02-01
P001462,C00877,Travel,7822.74,2023-05-20,2025-08-12
P001463,C00878,Life,9900.44,2023-04-17,2025-04-15
P001464,C00878,Travel,5315.84,2021-10-21,2023-04-25
P001465,C00878,Health,925.14,2023-01-30,2024-11-02
P001466,C00879,Auto,3247.19,2025-05-23,2026-10-09
P001467,C00879,Travel,8199.91,2025-01-17,2025-09-22
P001468,C00879,Health,725.31,2025-12-09,2026-12-31
P001469,C00880,Travel,7354.36,2025-09-05,2026-12-31
P001470,C00880,Health,7456.86,2023-06-21,2023-12-27
P001471,C00881,Auto,6451.61,2025-06-04,2026-12-31
P001472,C00881,Auto,5949.71,2025-09-07,2026-12-31
P001473,C00882,Travel,669.42,2022-04-17,2022-12-21
P001474,C00882,Health,3018.67,2021-11-29,2023-09-23
P001475,C00882,Life,5299.07,2021-10-09,2022-05-03
P001476,C00883,Auto,5188.54,2024-04-24,2025-11-08
P001477,C00884,Home,3016.23,2024-10-29,2026-12-31
P001478,C00884,Health,3994.55,2025-01-29,2026-08-26
P001479,C00885,Health,9501.57,2021-06-25,2024-03-31
P001480,C00886,Life,8904.41,2025-12-08,2026-12-31
P001481,C00887,Life,1206.15,2023-12-04,2026-11-16
P001482,C00887,Auto,3708.25,2023-11-21,2024-09-10
P001483,C00888,Health,4691.41,2025-03-23,2026-01-08
P001484,C00888,Travel,2507.0,2025-04-11,2026-04-10
P001485,C00888,Auto,7105.1,2025-01-26,2025-11-18
P001486,C00890,Life,1053.82,2023-11-14,2024-09-25
P001487,C00891,Health,6686.38,2024-06-01,2025-04-05
P001488,C00891,Life,3803.51,2025-03-04,2026-09-02
P001489,C00891,Auto,1243.3,2025-03-26,2026-06-05
P001490,C00892,Home,2206.28,2021-08-20,2024-01-15
P001491,C00892,Life,1578.0,2022-04-20,2025-01-03
P001492,C00893,Home,1159.26,2024-04-06,2026-07-28
P001493,C00894,Travel,8017.85,2025-01-24,2026-12-31
P001494,C00894,Auto,975.61,2025-02-28,2026-12-31
P001495,C00895,Home,7105.53,2025-09-26,2026-12-31
P001496,C00896,Home,780.03,2025-11-25,2026-12-31
P001497,C00896,Health,6339.09,2025-03-19,2026-12-31
P001498,C00897,Life,6815.6,2025-09-16,2026-12-31
P001499,C00897,Travel,6010.37,2024-07-28,2025-08-24
P001500,C00897,Life,6520.79,2025-05-18,2026-12-31
P001501,C00898,Home,5139.18,2023-04-17,2026-03-12
P001502,C00898,Life,3293.03,2023-05-02,2024-12-27
P001503,C00898,Auto,619.65,2024-10-13,2025-06-30
P001504,C00899,Travel,6167.99,2024-04-29,2026-12-31
P001505,C00899,Health,1000.1,2024-01-06,2025-05-09
P001506,C00901,Travel,6182.73,2024-10-23,2026-08-10
P001507,C00901,Travel,577.39,2024-05-14,2025-11-02
P001508,C00901,Health,9849.84,2024-04-03,2026-01-24
P001509,C00903,Home,8372.34,2025-01-01,2026-12-31
P001510,C00903,Health,6785.71,2025-07-07,2026-12-31
P001511,C00903,Travel,5972.77,2025-12-20,2026-12-31
P001512,C00904,Auto,7285.05,2021-11-13,2022-08-31
P001513,C00904,Home,635.63,2021-08-19,2023-03-03
P001514,C00905,Travel,1933.7,2025-07-09,2026-12-31
P001515,C00906,Life,3872.45,2021-05-15,2022-04-27
P001516,C00907,Travel,3396.35,2023-06-17,2025-01-25
P001517,C00908,Auto,686.99,2025-01-09,2026-12-31
P001518,C00909,Home,2957.48,2025-03-07,2026-12-31
P001519,C00910,Travel,5365.61,2024-09-29,2025-03-31
P001520,C00910,Travel,7054.01,2023-01-18,2024-12-31
P001521,C00911,Life,8244.21,2023-07-22,2024-09-03
P001522,C00912,Auto,1506.58,2024-12-27,2026-03-16
P001523,C00912,Home,6334.75,2022-09-08,2023-08-05
P001524,C00912,Health,525.66,2024-10-05,2025-09-12
P001525,C00913,Home,912.27,2024-06-18,2026-05-09
P001526,C00914,Life,5932.56,2024-08-27,2025-09-30
P001527,C00915,Life,9582.19,2021-08-14,2023-03-02
P001528,C00916,Auto,9530.08,2022-03-30,2024-10-27
P001529,C00917,Auto,874.39,2024-02-20,2026-12-31
P001530,C00919,Auto,7133.05,2024-06-18,2025-01-31
P001531,C00919,Auto,6601.94,2023-06-17,2025-07-31
P001532,C00919,Home,3562.22,2022-06-01,2024-04-12
P001533,C00920,Travel,3952.05,2025-11-14,2026-08-11
P001534,C00920,Home,2137.71,2025-02-04,2026-12-31
P001535,C00920,Auto,9367.43,2024-12-02,2026-12-31
P001536,C00921,Health,4688.12,2022-01-01,2022-09-12
P001537,C00922,Life,1157.69,2025-02-17,2026-12-31
P001538,C00923,Auto,918.88,2022-11-19,2025-03-31
P001539,C00923,Auto,4967.37,2023-01-08,2024-07-15
P001540,C00923,Health,9489.51,2024-09-14,2025-04-28
P001541,C00924,Auto,2860.45,2022-08-27,2024-03-10
P001542,C00924,Auto,7122.37,2023-08-27,2025-06-04
P001543,C00925,Health,7061.66,2024-06-15,2025-07-11
P001544,C00926,Home,601.57,2024-09-07,2026-10-29
P001545,C00927,Health,8334.87,2025-10-12,2026-12-31
P001546,C00927,Auto,2461.23,2024-12-06,2026-11-08
P001547,C00928,Health,2896.56,2022-10-15,2023-09-05
P001548,C00928,Travel,4351.34,2022-03-31,2024-04-22
P001549,C00929,Travel,9465.99,2023-01-31,2024-02-27
P001550,C00929,Life,4362.39,2025-01-23,2026-12-31
P001551,C00929,Travel,5347.02,2023-09-19,2025-09-19
P001552,C00931,Auto,1111.85,2022-05-24,2023-07-14
P001553,C00931,Travel,9139.88,2021-05-15,2023-07-22
P001554,C00932,Auto,5157.11,2024-11-18,2026-12-31
P001555,C00932,Auto,714.74,2023-08-05,2026-05-27
P001556,C00932,Auto,8662.3,2023-04-02,2025-08-07
P001557,C00933,Life,9733.28,2022-11-04,2025-07-06
P001558,C00934,Auto,7361.96,2025-08-25,2026-04-23
P001559,C00934,Life,4201.75,2024-02-11,2025-05-12
P001560,C00935,Life,8128.18,2025-05-17,2026-12-31
P001561,C00936,Travel,9587.42,2021-06-01,2022-10-17
P001562,C00936,Auto,6815.67,2023-04-01,2024-08-14
P001563,C00937,Life,9223.45,2024-10-09,2026-07-03
P001564,C00937,Life,5094.13,2025-04-25,2026-04-17
P001565,C00937,Auto,1755.54,2025-02-22,2026-03-10
P001566,C00938,Life,5542.13,2023-03-21,2024-09-25
P001567,C00938,Travel,3229.64,2024-07-02,2025-02-19
P001568,C00939,Auto,4047.1,2023-05-08,2024-02-28
P001569,C00939,Auto,9341.29,2024-08-14,2025-12-01
P001570,C00940,Home,2994.23,2025-04-10,2026-12-31
P001571,C00940,Auto,951.42,2024-06-13,2026-04-20
P001572,C00942,Travel,7014.22,2025-05-05,2026-12-31
P001573,C00943,Home,6009.69,2023-09-10,2024-03-28
P001574,C00943,Life,5320.24,2025-10-30,2026-12-31
P001575,C00943,Travel,727.77,2024-02-24,2026-10-21
P001576,C00944,Travel,9642.33,2025-06-30,2026-12-31
P001577,C00945,Life,595.68,2020-12-13,2021-12-02
P001578,C00945,Life,4236.85,2020-12-02,2022-11-28
P001579,C00946,Life,2693.95,2023-04-25,2023-10-24
P001580,C00947,Health,2397.01,2025-06-08,2026-12-31
P001581,C00947,Life,9160.37,2025-05-29,2026-12-05
P001582,C00947,Home,4783.58,2025-05-27,2026-12-31
P001583,C00949,Health,6652.87,2025-05-12,2026-12-31
P001584,C00950,Travel,7472.01,2021-08-21,2024-07-04
P001585,C00950,Life,8033.6,2020-06-01,2023-01-29
P001586,C00952,Travel,9678.69,2025-10-05,2026-12-31
P001587,C00952,Auto,2268.57,2025-11-03,2026-12-31
P001588,C00953,Travel,7589.42,2025-03-22,2026-12-31
P001589,C00953,Life,674.38,2024-10-16,2025-11-14
P001590,C00953,Home,4845.89,2023-12-03,2024-10-03
P001591,C00954,Auto,3817.02,2023-12-27,2025-05-25
P001592,C00954,Travel,9344.68,2023-12-12,2025-06-26
P001593,C00954,Home,3744.32,2024-06-17,2025-08-12
P001594,C00955,Home,2851.31,2025-09-24,2026-10-04
P001595,C00955,Health,5967.44,2025-01-08,2026-12-17
P001596,C00956,Home,6742.12,2022-08-15,2024-03-09
P001597,C00957,Travel,9867.27,2023-02-02,2024-04-23
P001598,C00957,Health,3718.61,2020-12-22,2022-10-30
P001599,C00957,Life,5567.25,2020-12-17,2023-03-08
P001600,C00958,Home,4291.54,2025-05-28,2026-03-06
P001601,C00958,Travel,4231.46,2025-07-02,2026-07-25
P001602,C00959,Home,1407.67,2025-01-16,2026-12-31
P001603,C00959,Life,814.0,2025-05-31,2026-12-04
P001604,C00960,Home,5415.31,2020-03-28,2022-07-04
P001605,C00961,Home,5944.92,2020-04-08,2021-06-26
P001606,C00961,Travel,4439.99,2022-12-07,2025-07-04
P001607,C00962,Home,4930.74,2023-04-16,2024-05-21
P001608,C00964,Auto,6140.63,2025-05-27,2026-12-31
P001609,C00965,Auto,2892.61,2024-10-04,2026-08-18
P001610,C00965,Travel,7119.56,2025-05-23,2026-03-04
P001611,C00966,Auto,3853.55,2024-12-15,2026-12-31
P001612,C00967,Life,9809.87,2025-09-22,2026-12-31
P001613,C00968,Health,7825.79,2021-09-28,2022-09-14
P001614,C00968,Home,2044.39,2022-04-19,2022-12-10
P001615,C00968,Home,642.02,2023-04-21,2026-03-20
P001616,C00969,Life,7978.88,2024-03-06,2024-11-26
P001617,C00970,Home,8004.76,2024-08-02,2026-06-13
P001618,C00970,Life,564.46,2025-08-10,2026-12-31
P001619,C00972,Home,5952.63,2025-09-13,2026-12-31
P001620,C00973,Auto,5825.12,2023-09-12,2024-08-05
P001621,C00973,Health,5455.2,2021-11-04,2024-09-17
P001622,C00973,Auto,7083.23,2023-08-25,2024-10-21
P001623,C00974,Travel,3237.19,2022-07-01,2024-06-28
P001624,C00975,Health,3001.95,2022-08-03,2024-07-12
P001625,C00975,Home,1344.83,2022-05-12,2024-10-13
P001626,C00975,Health,7476.84,2021-11-26,2023-08-26
P001627,C00976,Travel,2563.63,2025-11-05,2026-06-06
P001628,C00976,Auto,3150.18,2025-11-28,2026-10-14
P001629,C00977,Travel,2403.33,2022-05-07,2023-01-28
P001630,C00977,Home,7608.63,2024-10-07,2026-05-20
P001631,C00977,Auto,5946.13,2024-03-06,2024-11-17
P001632,C00978,Travel,719.55,2025-08-14,2026-04-27
P001633,C00978,Home,5804.65,2024-09-01,2025-12-31
P001634,C00979,Health,502.29,2025-07-09,2026-12-31
P001635,C00980,Health,1712.42,2024-08-21,2025-04-13
P001636,C00980,Health,1923.46,2025-08-19,2026-12-31
P001637,C00981,Home,780.65,2021-01-05,2022-04-02
P001638,C00981,Travel,8764.11,2021-12-12,2024-04-11
P001639,C00982,Life,1372.58,2022-10-17,2023-10-17
P001640,C00984,Home,8320.65,2025-06-03,2026-12-31
P001641,C00984,Auto,529.66,2024-05-25,2025-03-28
P001642,C00984,Auto,4991.54,2024-09-30,2026-07-04
P001643,C00985,Travel,6932.46,2025-07-10,2026-09-02
P001644,C00986,Home,1249.57,2023-09-05,2024-12-07
P001645,C00987,Auto,5358.65,2022-04-11,2022-12-14
P001646,C00987,Auto,5537.5,2022-04-25,2023-02-09
P001647,C00987,Home,4707.08,2022-01-20,2024-12-08
P001648,C00988,Travel,8021.3,2023-01-03,2024-09-18
P001649,C00988,Health,7814.37,2023-09-18,2025-02-16
P001650,C00988,Home,5871.84,2023-05-09,2026-01-04
P001651,C00989,Travel,3699.53,2022-03-16,2023-07-25
P001652,C00990,Health,4710.91,2025-11-25,2026-12-31
P001653,C00990,Auto,8386.68,2023-07-31,2024-03-01
P001654,C00991,Home,6005.19,2023-02-04,2025-01-14
P001655,C00991,Health,8768.8,2023-03-29,2025-08-18
P001656,C00991,Health,6042.64,2022-12-02,2024-07-19
P001657,C00992,Home,8432.72,2025-05-15,2025-12-09
P001658,C00993,Health,4276.14,2024-11-17,2026-12-31
P001659,C00993,Home,2209.02,2022-11-02,2023-10-30
P001660,C00994,Health,9423.68,2025-04-16,2026-12-31
P001661,C00994,Health,8917.7,2024-03-31,2026-04-29
P001662,C00995,Life,4459.93,2025-07-21,2026-10-10
P001663,C00996,Auto,2181.91,2024-12-10,2025-09-25
P001664,C00996,Home,578.12,2024-03-21,2024-09-24
P001665,C00997,Health,3151.31,2021-06-01,2024-05-27
P001666,C00997,Health,5294.09,2023-01-20,2024-08-27
P001667,C00998,Health,9614.11,2025-06-14,2026-12-31
P001668,C00999,Home,5845.76,2025-12-18,2026-12-31
P001669,C00999,Health,1837.32,2025-12-02,2026-12-05
P001670,C00999,Life,6383.84,2025-12-05,2026-12-31
P001671,C01000,Life,9859.47,2024-05-20,2026-11-17
